-- =========================================================================
-- MBG Soe · consolidated migrations (idempotent).
-- Generated by supabase/_build_run_all.py — DO NOT EDIT BY HAND.
-- Source: supabase/migrations/*.sql (in order).
-- Safe to re-run: enums, tables, indexes, and triggers use guards.
-- =========================================================================

begin;

-- >>> 0001_schema.sql =======================================================
-- ============================================================================
-- MBG Soe Supply Chain · Supabase Schema · Round 6 Phase 1
-- Target: SPPG Nunumeu, Soe · WFP × IFSR × FFI
-- Port dari Dashboard_SupplyChain_MBG_Soe.html (localStorage) ke Postgres
-- ============================================================================

-- Enable extensions
create extension if not exists "uuid-ossp";
create extension if not exists "pgcrypto";

-- ============================================================================
-- 0. ROLES & PROFILES
-- ============================================================================
do $$ begin
  create type public.user_role as enum (
  'admin',       -- Full akses (Alfatehan + Kepala SPPG)
  'operator',    -- Harian: stok, PO, GRN, invoice, receipt foto
  'ahli_gizi',   -- Menu master, BOM, kalender, custom menu
  'supplier',    -- Read PO/GRN/Invoice milik sendiri, update status GRN
  'viewer'       -- Read-only: WFP PIC, auditor
  );
exception when duplicate_object then null;
end $$;

create table if not exists public.profiles (
  id uuid primary key references auth.users(id) on delete cascade,
  email text not null unique,
  full_name text,
  role public.user_role not null default 'viewer',
  supplier_id text,                       -- Jika role=supplier, link ke suppliers.id
  phone text,
  active boolean not null default true,
  created_at timestamptz not null default now(),
  invited_by uuid references auth.users(id),
  last_login_at timestamptz
);
create index if not exists idx_profiles_role on public.profiles(role);
create index if not exists idx_profiles_supplier on public.profiles(supplier_id) where supplier_id is not null;

-- Invite flow (admin-only create, token disumption saat magic-link dipakai)
create table if not exists public.invites (
  id uuid primary key default uuid_generate_v4(),
  email text not null,
  role public.user_role not null,
  supplier_id text,
  token text not null unique default encode(gen_random_bytes(24),'hex'),
  created_by uuid references auth.users(id),
  created_at timestamptz not null default now(),
  expires_at timestamptz not null default (now() + interval '7 days'),
  used_at timestamptz,
  used_by uuid references auth.users(id)
);
create index if not exists idx_invites_email on public.invites(lower(email));
create index if not exists idx_invites_token on public.invites(token);

-- ============================================================================
-- 1. MASTER DATA: ITEMS, MENUS, BOM, SCHOOLS, SUPPLIERS
-- ============================================================================

-- Kategori bahan (BERAS, HEWANI, NABATI, SAYUR_HIJAU, SAYUR, UMBI, BUMBU, REMPAH, BUAH, SEMBAKO)
do $$ begin
  create type public.item_category as enum (
  'BERAS','HEWANI','NABATI','SAYUR_HIJAU','SAYUR','UMBI',
  'BUMBU','REMPAH','BUAH','SEMBAKO','LAIN'
  );
exception when duplicate_object then null;
end $$;

create table if not exists public.items (
  code text primary key,                  -- mis. "Beras Putih", "Ikan Tuna"
  name_en text,
  unit text not null,                     -- kg, butir, lt, dll
  category public.item_category not null,
  price_idr numeric(12,2) not null default 0,
  vol_weekly numeric(12,3) default 0,     -- volume mingguan acuan untuk VS NNA
  notes text,
  active boolean not null default true,
  created_at timestamptz not null default now(),
  updated_at timestamptz not null default now()
);
create index if not exists idx_items_cat on public.items(category);

create table if not exists public.menus (
  id smallint primary key,                -- 1..14 siklus
  name text not null,
  name_en text,
  cycle_day smallint,
  active boolean not null default true,
  notes text,
  created_at timestamptz not null default now()
);

-- BOM: berapa gram per porsi untuk tiap item di tiap menu
create table if not exists public.menu_bom (
  menu_id smallint not null references public.menus(id) on delete cascade,
  item_code text not null references public.items(code) on delete restrict,
  grams_per_porsi numeric(10,3) not null,
  primary key (menu_id, item_code)
);
create index if not exists idx_bom_item on public.menu_bom(item_code);

do $$ begin
  create type public.school_level as enum ('PAUD/TK','SD','SMP','SMA','SMK'
  );
exception when duplicate_object then null;
end $$;

create table if not exists public.schools (
  id text primary key,                    -- SCH-01..09
  name text not null,
  level public.school_level not null,
  students int not null default 0,
  kelas13 int not null default 0,         -- SD kelas 1-3 (porsi kecil)
  kelas46 int not null default 0,         -- SD kelas 4-6 (porsi besar)
  guru int not null default 0,
  distance_km numeric(5,2),
  pic text,
  phone text,
  address text,
  active boolean not null default true
);

do $$ begin
  create type public.supplier_type as enum (
  'BUMN','PT','CV','UD','KOPERASI','POKTAN','TOKO','KIOS','INFORMAL'
  );
exception when duplicate_object then null;
end $$;
do $$ begin
  create type public.supplier_status as enum ('signed','awaiting','rejected','draft'
  );
exception when duplicate_object then null;
end $$;

create table if not exists public.suppliers (
  id text primary key,                    -- SUP-01..
  name text not null,
  type public.supplier_type not null,
  commodity text,                         -- comma/semicolon-separated (legacy)
  pic text,
  phone text,
  address text,
  email text,
  notes text,
  score numeric(5,2),
  status public.supplier_status not null default 'draft',
  active boolean not null default true,
  created_at timestamptz not null default now()
);

-- Map supplier → items yang dia jual (multi-source per item)
create table if not exists public.supplier_items (
  supplier_id text not null references public.suppliers(id) on delete cascade,
  item_code text not null references public.items(code) on delete restrict,
  is_main boolean not null default false,
  price_idr numeric(12,2),
  lead_time_days smallint,
  primary key (supplier_id, item_code)
);

-- Supplier onboarding action tracker (dari Onboarding MBG Suppliers docx + MoM)
do $$ begin
  create type public.action_status as enum (
  'open','in_progress','blocked','done','cancelled'
  );
exception when duplicate_object then null;
end $$;
do $$ begin
  create type public.action_priority as enum ('low','medium','high','critical'
  );
exception when duplicate_object then null;
end $$;
do $$ begin
  create type public.action_source as enum (
  'onboarding','mom','field','audit','ad_hoc'
  );
exception when duplicate_object then null;
end $$;

create table if not exists public.supplier_actions (
  id bigserial primary key,
  supplier_id text references public.suppliers(id) on delete cascade,
  -- Untuk action lintas-supplier (contoh: "Set up dual sourcing") simpan daftar
  -- commodity/area yang terkait tanpa kunci hard ke suppliers
  related_scope text,
  title text not null,
  description text,
  category text,                          -- dual_sourcing, logistics, qc, pricing, admin, legal, lta, capacity
  priority public.action_priority not null default 'medium',
  status public.action_status not null default 'open',
  owner text not null default 'IFSR-WFP',
  owner_user_id uuid references auth.users(id),
  target_date date,
  done_at timestamptz,
  done_by uuid references auth.users(id),
  blocked_reason text,
  output_notes text,                      -- deliverable yang diharapkan
  source public.action_source not null default 'onboarding',
  source_ref text,                        -- mis. "Onboarding 30 Mar 2026 R1"
  created_at timestamptz not null default now(),
  created_by uuid references auth.users(id),
  updated_at timestamptz not null default now()
);
create index if not exists idx_supaction_sup on public.supplier_actions(supplier_id);
create index if not exists idx_supaction_status on public.supplier_actions(status);
create index if not exists idx_supaction_prio on public.supplier_actions(priority, target_date);
create index if not exists idx_supaction_target on public.supplier_actions(target_date) where status in ('open','in_progress','blocked');

-- ============================================================================
-- 2. PLANNING: MENU_ASSIGN, CUSTOM_MENUS, NON_OP
-- ============================================================================
create table if not exists public.menu_assign (
  assign_date date primary key,
  menu_id smallint not null references public.menus(id) on delete restrict,
  note text,
  assigned_by uuid references auth.users(id),
  assigned_at timestamptz not null default now()
);

create table if not exists public.custom_menus (
  menu_date date primary key,
  karbo jsonb not null default '[]'::jsonb,    -- ["Beras Putih"]
  protein jsonb not null default '[]'::jsonb,
  sayur jsonb not null default '[]'::jsonb,
  buah jsonb not null default '[]'::jsonb,
  created_by uuid references auth.users(id),
  created_at timestamptz not null default now()
);

create table if not exists public.non_op_days (
  op_date date primary key,
  reason text not null,                   -- "Libur Umum", "UAS", "Rapat", dll
  created_by uuid references auth.users(id),
  created_at timestamptz not null default now()
);

-- ============================================================================
-- 3. STOCK & MOVES
-- ============================================================================
create table if not exists public.stock (
  item_code text primary key references public.items(code) on delete cascade,
  qty numeric(12,3) not null default 0,
  updated_at timestamptz not null default now(),
  updated_by uuid references auth.users(id)
);

do $$ begin
  create type public.move_reason as enum (
  'receipt','consumption','adjustment','waste','transfer_in','transfer_out','opening'
  );
exception when duplicate_object then null;
end $$;

create table if not exists public.stock_moves (
  id bigserial primary key,
  item_code text not null references public.items(code) on delete restrict,
  delta numeric(12,3) not null,           -- + untuk masuk, − untuk keluar
  reason public.move_reason not null,
  ref_doc text,                           -- 'po','grn','menu_consumption','manual'
  ref_no text,
  note text,
  created_at timestamptz not null default now(),
  created_by uuid references auth.users(id)
);
create index if not exists idx_moves_item_date on public.stock_moves(item_code, created_at desc);
create index if not exists idx_moves_ref on public.stock_moves(ref_doc, ref_no);

-- ============================================================================
-- 4. PROCUREMENT: PO → GRN → INVOICE → RECEIPT
-- ============================================================================
do $$ begin
  create type public.po_status as enum ('draft','sent','confirmed','delivered','closed','cancelled'
  );
exception when duplicate_object then null;
end $$;

create table if not exists public.purchase_orders (
  no text primary key,                    -- 'PO-2026-001'
  po_date date not null,
  supplier_id text not null references public.suppliers(id),
  delivery_date date,
  total numeric(14,2) not null default 0,
  status public.po_status not null default 'draft',
  ref_contract text,
  pay_method text,
  top text,
  notes text,
  created_at timestamptz not null default now(),
  created_by uuid references auth.users(id)
);
create index if not exists idx_po_sup_date on public.purchase_orders(supplier_id, po_date desc);

create table if not exists public.po_rows (
  po_no text not null references public.purchase_orders(no) on delete cascade,
  line_no smallint not null,
  item_code text not null references public.items(code),
  qty numeric(12,3) not null,
  unit text not null,
  price numeric(12,2) not null,
  subtotal numeric(14,2) generated always as (qty*price) stored,
  primary key (po_no, line_no)
);

do $$ begin
  create type public.grn_status as enum ('pending','ok','partial','rejected'
  );
exception when duplicate_object then null;
end $$;

create table if not exists public.grns (
  no text primary key,                    -- 'GRN-2026-001'
  po_no text references public.purchase_orders(no),
  grn_date date not null,
  status public.grn_status not null default 'pending',
  qc_note text,
  created_at timestamptz not null default now(),
  created_by uuid references auth.users(id)
);

do $$ begin
  create type public.invoice_status as enum ('issued','paid','overdue','cancelled'
  );
exception when duplicate_object then null;
end $$;

create table if not exists public.invoices (
  no text primary key,
  po_no text references public.purchase_orders(no),
  inv_date date not null,
  supplier_id text not null references public.suppliers(id),
  total numeric(14,2) not null,
  due_date date,
  status public.invoice_status not null default 'issued',
  created_at timestamptz not null default now()
);

-- Foto bukti barang diterima
create table if not exists public.receipts (
  id uuid primary key default uuid_generate_v4(),
  ref text not null,                      -- invoice no atau po no
  note text,
  photo_url text,                         -- Supabase Storage public URL
  created_at timestamptz not null default now(),
  created_by uuid references auth.users(id)
);
create index if not exists idx_receipts_ref on public.receipts(ref);

-- ============================================================================
-- 5. TRANSACTIONS LEDGER (laporan rantai pasok 50 terakhir)
-- ============================================================================
do $$ begin
  create type public.tx_type as enum (
  'po','grn','invoice','payment','adjustment','receipt'
  );
exception when duplicate_object then null;
end $$;

create table if not exists public.transactions (
  id bigserial primary key,
  tx_date date not null,
  tx_type public.tx_type not null,
  ref_no text,
  supplier_id text references public.suppliers(id),
  amount numeric(14,2),
  description text,
  created_at timestamptz not null default now(),
  created_by uuid references auth.users(id)
);
create index if not exists idx_tx_date on public.transactions(tx_date desc);
create index if not exists idx_tx_sup on public.transactions(supplier_id, tx_date desc);

-- ============================================================================
-- 6. SETTINGS (porsi weight, holidays, preferences)
-- ============================================================================
create table if not exists public.settings (
  key text primary key,
  value jsonb not null,
  updated_at timestamptz not null default now(),
  updated_by uuid references auth.users(id)
);

-- Default porsi weight: kecil=0.7, besar=1.0
insert into public.settings(key,value) values
  ('porsi_weight', '{"kecil":0.7,"besar":1.0}'::jsonb),
  ('active_cycle_days', '14'::jsonb),
  ('go_live_date', '"2026-05-04"'::jsonb)
on conflict (key) do nothing;

-- ============================================================================
-- 7. AUDIT HELPERS
-- ============================================================================
create or replace function public.touch_updated_at()
returns trigger language plpgsql as $$
begin
  new.updated_at = now();
  return new;
end; $$;

drop trigger if exists trg_items_touch on public.items;
create trigger trg_items_touch before update on public.items
  for each row execute function public.touch_updated_at();
drop trigger if exists trg_stock_touch on public.stock;
create trigger trg_stock_touch before update on public.stock
  for each row execute function public.touch_updated_at();
drop trigger if exists trg_settings_touch on public.settings;
create trigger trg_settings_touch before update on public.settings
  for each row execute function public.touch_updated_at();
drop trigger if exists trg_supaction_touch on public.supplier_actions;
create trigger trg_supaction_touch before update on public.supplier_actions
  for each row execute function public.touch_updated_at();

-- Auto-stamp done_at ketika status berubah ke 'done'
create or replace function public.stamp_action_done()
returns trigger language plpgsql as $$
begin
  if new.status = 'done' and (old.status is distinct from 'done') then
    new.done_at = now();
    if new.done_by is null then
      new.done_by = auth.uid();
    end if;
  elsif new.status <> 'done' then
    new.done_at = null;
    new.done_by = null;
  end if;
  return new;
end; $$;

drop trigger if exists trg_supaction_done on public.supplier_actions;
create trigger trg_supaction_done before update on public.supplier_actions
  for each row execute function public.stamp_action_done();

-- Auto-sync stock saat stock_moves insert
create or replace function public.apply_stock_move()
returns trigger language plpgsql as $$
begin
  insert into public.stock(item_code, qty, updated_at, updated_by)
    values (new.item_code, new.delta, now(), new.created_by)
  on conflict (item_code) do update
    set qty = public.stock.qty + new.delta,
        updated_at = now(),
        updated_by = new.created_by;
  return new;
end; $$;

drop trigger if exists trg_moves_apply on public.stock_moves;
create trigger trg_moves_apply after insert on public.stock_moves
  for each row execute function public.apply_stock_move();

-- Helper: current user role
create or replace function public.current_role()
returns public.user_role language sql stable as $$
  select role from public.profiles where id = auth.uid() limit 1;
$$;

create or replace function public.current_supplier_id()
returns text language sql stable as $$
  select supplier_id from public.profiles where id = auth.uid() limit 1;
$$;

create or replace function public.is_admin()
returns boolean language sql stable as $$
  select coalesce(public.current_role() = 'admin', false);
$$;


-- >>> 0002_rls.sql ==========================================================
-- ============================================================================
-- Row-Level Security policies
-- Role matrix:
--   admin      → full CRUD everything
--   operator   → read everything, write stock/po/grn/invoice/receipt/transaction/menu_assign
--   ahli_gizi  → read everything, write menus/menu_bom/custom_menus/items/settings
--   supplier   → read hanya yang ref supplier_id = dirinya (PO, GRN, invoice, items yg dia jual)
--   viewer     → read-only semua (kecuali invites & profiles orang lain)
-- ============================================================================

alter table public.profiles         enable row level security;
alter table public.invites          enable row level security;
alter table public.items            enable row level security;
alter table public.menus            enable row level security;
alter table public.menu_bom         enable row level security;
alter table public.schools          enable row level security;
alter table public.suppliers        enable row level security;
alter table public.supplier_items   enable row level security;
alter table public.supplier_actions enable row level security;
alter table public.menu_assign    enable row level security;
alter table public.custom_menus   enable row level security;
alter table public.non_op_days    enable row level security;
alter table public.stock          enable row level security;
alter table public.stock_moves    enable row level security;
alter table public.purchase_orders enable row level security;
alter table public.po_rows        enable row level security;
alter table public.grns           enable row level security;
alter table public.invoices       enable row level security;
alter table public.receipts       enable row level security;
alter table public.transactions   enable row level security;
alter table public.settings       enable row level security;

-- ============================================================================
-- PROFILES
-- ============================================================================
drop policy if exists "profiles: self read" on public.profiles;
create policy "profiles: self read" on public.profiles
  for select using (id = auth.uid());
drop policy if exists "profiles: admin all read" on public.profiles;
create policy "profiles: admin all read" on public.profiles
  for select using (public.is_admin());
drop policy if exists "profiles: self update own basics" on public.profiles;
create policy "profiles: self update own basics" on public.profiles
  for update using (id = auth.uid())
  with check (id = auth.uid() and role = (select role from public.profiles where id = auth.uid()));
drop policy if exists "profiles: admin full write" on public.profiles;
create policy "profiles: admin full write" on public.profiles
  for all using (public.is_admin()) with check (public.is_admin());

-- ============================================================================
-- INVITES (admin-only)
-- ============================================================================
drop policy if exists "invites: admin full" on public.invites;
create policy "invites: admin full" on public.invites
  for all using (public.is_admin()) with check (public.is_admin());

-- ============================================================================
-- MASTER DATA · ITEMS / MENUS / BOM / SCHOOLS
-- ============================================================================
-- Read: authenticated apapun
drop policy if exists "items: auth read" on public.items;
create policy "items: auth read" on public.items for select using (auth.uid() is not null);
drop policy if exists "menus: auth read" on public.menus;
create policy "menus: auth read" on public.menus for select using (auth.uid() is not null);
drop policy if exists "bom: auth read" on public.menu_bom;
create policy "bom: auth read" on public.menu_bom for select using (auth.uid() is not null);
drop policy if exists "schools: auth read" on public.schools;
create policy "schools: auth read" on public.schools for select using (auth.uid() is not null);

-- Write: admin atau ahli_gizi
drop policy if exists "items: gz/admin write" on public.items;
create policy "items: gz/admin write" on public.items
  for all using (public.current_role() in ('admin','ahli_gizi'))
  with check (public.current_role() in ('admin','ahli_gizi'));
drop policy if exists "menus: gz/admin write" on public.menus;
create policy "menus: gz/admin write" on public.menus
  for all using (public.current_role() in ('admin','ahli_gizi'))
  with check (public.current_role() in ('admin','ahli_gizi'));
drop policy if exists "bom: gz/admin write" on public.menu_bom;
create policy "bom: gz/admin write" on public.menu_bom
  for all using (public.current_role() in ('admin','ahli_gizi'))
  with check (public.current_role() in ('admin','ahli_gizi'));
drop policy if exists "schools: admin write" on public.schools;
create policy "schools: admin write" on public.schools
  for all using (public.is_admin()) with check (public.is_admin());

-- ============================================================================
-- SUPPLIERS
-- ============================================================================
-- Read: authenticated (supplier juga boleh lihat semua supplier untuk comparing)
drop policy if exists "suppliers: auth read" on public.suppliers;
create policy "suppliers: auth read" on public.suppliers for select using (auth.uid() is not null);
drop policy if exists "suppliers: admin write" on public.suppliers;
create policy "suppliers: admin write" on public.suppliers
  for all using (public.is_admin()) with check (public.is_admin());

-- supplier_items: supplier boleh read miliknya; admin/operator read semua
drop policy if exists "supitems: read own or staff" on public.supplier_items;
create policy "supitems: read own or staff" on public.supplier_items
  for select using (
    auth.uid() is not null and (
      public.current_role() in ('admin','operator','ahli_gizi','viewer')
      or (public.current_role() = 'supplier' and supplier_id = public.current_supplier_id())
    )
  );
drop policy if exists "supitems: admin write" on public.supplier_items;
create policy "supitems: admin write" on public.supplier_items
  for all using (public.is_admin()) with check (public.is_admin());

-- supplier_actions:
--   · admin/operator/ahli_gizi/viewer → read semua
--   · supplier → read hanya action untuk supplier_id-nya
--   · admin/operator → full write (tambah, edit, delete action)
--   · supplier → boleh update status action miliknya (misal: mark done setelah deliver dokumen)
drop policy if exists "supactions: read staff or own-supplier" on public.supplier_actions;
create policy "supactions: read staff or own-supplier" on public.supplier_actions
  for select using (
    auth.uid() is not null and (
      public.current_role() in ('admin','operator','ahli_gizi','viewer')
      or (public.current_role() = 'supplier' and supplier_id = public.current_supplier_id())
    )
  );
drop policy if exists "supactions: op/admin write" on public.supplier_actions;
create policy "supactions: op/admin write" on public.supplier_actions
  for all using (public.current_role() in ('admin','operator'))
  with check (public.current_role() in ('admin','operator'));
drop policy if exists "supactions: supplier update own" on public.supplier_actions;
create policy "supactions: supplier update own" on public.supplier_actions
  for update using (
    public.current_role() = 'supplier'
    and supplier_id = public.current_supplier_id()
  ) with check (
    public.current_role() = 'supplier'
    and supplier_id = public.current_supplier_id()
  );

-- ============================================================================
-- PLANNING
-- ============================================================================
drop policy if exists "menu_assign: auth read" on public.menu_assign;
create policy "menu_assign: auth read" on public.menu_assign for select using (auth.uid() is not null);
drop policy if exists "menu_assign: op/gz/admin write" on public.menu_assign;
create policy "menu_assign: op/gz/admin write" on public.menu_assign
  for all using (public.current_role() in ('admin','operator','ahli_gizi'))
  with check (public.current_role() in ('admin','operator','ahli_gizi'));

drop policy if exists "custom: auth read" on public.custom_menus;
create policy "custom: auth read" on public.custom_menus for select using (auth.uid() is not null);
drop policy if exists "custom: gz/admin write" on public.custom_menus;
create policy "custom: gz/admin write" on public.custom_menus
  for all using (public.current_role() in ('admin','ahli_gizi'))
  with check (public.current_role() in ('admin','ahli_gizi'));

drop policy if exists "nonop: auth read" on public.non_op_days;
create policy "nonop: auth read" on public.non_op_days for select using (auth.uid() is not null);
drop policy if exists "nonop: op/admin write" on public.non_op_days;
create policy "nonop: op/admin write" on public.non_op_days
  for all using (public.current_role() in ('admin','operator'))
  with check (public.current_role() in ('admin','operator'));

-- ============================================================================
-- STOCK & MOVES
-- ============================================================================
drop policy if exists "stock: auth read" on public.stock;
create policy "stock: auth read" on public.stock for select using (auth.uid() is not null);
drop policy if exists "stock: op/admin write" on public.stock;
create policy "stock: op/admin write" on public.stock
  for all using (public.current_role() in ('admin','operator'))
  with check (public.current_role() in ('admin','operator'));

drop policy if exists "moves: auth read" on public.stock_moves;
create policy "moves: auth read" on public.stock_moves for select using (auth.uid() is not null);
drop policy if exists "moves: op/admin insert" on public.stock_moves;
create policy "moves: op/admin insert" on public.stock_moves
  for insert with check (public.current_role() in ('admin','operator'));

-- ============================================================================
-- PO / GRN / INVOICE / RECEIPT
-- ============================================================================
-- Supplier hanya lihat yang milik dia
drop policy if exists "po: read staff or own-supplier" on public.purchase_orders;
create policy "po: read staff or own-supplier" on public.purchase_orders
  for select using (
    auth.uid() is not null and (
      public.current_role() in ('admin','operator','ahli_gizi','viewer')
      or (public.current_role() = 'supplier' and supplier_id = public.current_supplier_id())
    )
  );
drop policy if exists "po: op/admin write" on public.purchase_orders;
create policy "po: op/admin write" on public.purchase_orders
  for all using (public.current_role() in ('admin','operator'))
  with check (public.current_role() in ('admin','operator'));

drop policy if exists "po_rows: read via parent" on public.po_rows;
create policy "po_rows: read via parent" on public.po_rows
  for select using (exists (select 1 from public.purchase_orders p where p.no = po_no));
drop policy if exists "po_rows: op/admin write" on public.po_rows;
create policy "po_rows: op/admin write" on public.po_rows
  for all using (public.current_role() in ('admin','operator'))
  with check (public.current_role() in ('admin','operator'));

drop policy if exists "grn: read staff or own-supplier" on public.grns;
create policy "grn: read staff or own-supplier" on public.grns
  for select using (
    auth.uid() is not null and (
      public.current_role() in ('admin','operator','ahli_gizi','viewer')
      or (public.current_role() = 'supplier' and exists (
        select 1 from public.purchase_orders p
        where p.no = grns.po_no and p.supplier_id = public.current_supplier_id()
      ))
    )
  );
drop policy if exists "grn: op/admin write" on public.grns;
create policy "grn: op/admin write" on public.grns
  for all using (public.current_role() in ('admin','operator'))
  with check (public.current_role() in ('admin','operator'));
-- Supplier boleh update status QC sendiri (ok/partial/rejected) pada GRN PO miliknya
drop policy if exists "grn: supplier update own status" on public.grns;
create policy "grn: supplier update own status" on public.grns
  for update using (
    public.current_role() = 'supplier' and exists (
      select 1 from public.purchase_orders p
      where p.no = grns.po_no and p.supplier_id = public.current_supplier_id()
    )
  ) with check (
    public.current_role() = 'supplier' and exists (
      select 1 from public.purchase_orders p
      where p.no = grns.po_no and p.supplier_id = public.current_supplier_id()
    )
  );

drop policy if exists "invoice: read staff or own-supplier" on public.invoices;
create policy "invoice: read staff or own-supplier" on public.invoices
  for select using (
    auth.uid() is not null and (
      public.current_role() in ('admin','operator','ahli_gizi','viewer')
      or (public.current_role() = 'supplier' and supplier_id = public.current_supplier_id())
    )
  );
drop policy if exists "invoice: op/admin write" on public.invoices;
create policy "invoice: op/admin write" on public.invoices
  for all using (public.current_role() in ('admin','operator'))
  with check (public.current_role() in ('admin','operator'));

drop policy if exists "receipts: auth read" on public.receipts;
create policy "receipts: auth read" on public.receipts for select using (auth.uid() is not null);
drop policy if exists "receipts: op/admin insert" on public.receipts;
create policy "receipts: op/admin insert" on public.receipts
  for insert with check (public.current_role() in ('admin','operator'));
drop policy if exists "receipts: op/admin update" on public.receipts;
create policy "receipts: op/admin update" on public.receipts
  for update using (public.current_role() in ('admin','operator'))
  with check (public.current_role() in ('admin','operator'));
drop policy if exists "receipts: admin delete" on public.receipts;
create policy "receipts: admin delete" on public.receipts
  for delete using (public.is_admin());

-- ============================================================================
-- TRANSACTIONS
-- ============================================================================
drop policy if exists "tx: read staff or own-supplier" on public.transactions;
create policy "tx: read staff or own-supplier" on public.transactions
  for select using (
    auth.uid() is not null and (
      public.current_role() in ('admin','operator','ahli_gizi','viewer')
      or (public.current_role() = 'supplier' and supplier_id = public.current_supplier_id())
    )
  );
drop policy if exists "tx: op/admin insert" on public.transactions;
create policy "tx: op/admin insert" on public.transactions
  for insert with check (public.current_role() in ('admin','operator'));

-- ============================================================================
-- SETTINGS
-- ============================================================================
drop policy if exists "settings: auth read" on public.settings;
create policy "settings: auth read" on public.settings for select using (auth.uid() is not null);
drop policy if exists "settings: gz/admin write" on public.settings;
create policy "settings: gz/admin write" on public.settings
  for all using (public.current_role() in ('admin','ahli_gizi'))
  with check (public.current_role() in ('admin','ahli_gizi'));


-- >>> 0003_functions.sql ====================================================
-- ============================================================================
-- Engine functions & RPC
-- Port dari Dashboard_SupplyChain_MBG_Soe.html (MBG_ENGINE) ke SQL
-- ============================================================================

-- Hitung jumlah porsi kecil/besar/guru untuk tanggal tertentu
create or replace function public.porsi_counts(p_date date)
returns table(kecil int, besar int, guru int, total int, operasional boolean)
language plpgsql stable as $$
declare
  v_kecil int := 0;
  v_besar int := 0;
  v_guru int := 0;
  v_nonop boolean := false;
begin
  -- non-op?
  select true into v_nonop from public.non_op_days where op_date = p_date;
  if coalesce(v_nonop,false) then
    return query select 0,0,0,0,false;
    return;
  end if;

  -- weekend?
  if extract(dow from p_date) in (0,6) then
    return query select 0,0,0,0,false;
    return;
  end if;

  select
    coalesce(sum(case when level in ('PAUD/TK') then students else 0 end),0)
    + coalesce(sum(case when level = 'SD' then kelas13 else 0 end),0),
    coalesce(sum(case when level = 'SD' then kelas46 else 0 end),0)
    + coalesce(sum(case when level in ('SMP','SMA','SMK') then students else 0 end),0),
    coalesce(sum(guru),0)
  into v_kecil, v_besar, v_guru
  from public.schools where active = true;

  return query select v_kecil, v_besar, v_guru, (v_kecil+v_besar+v_guru), true;
end; $$;

-- Porsi effective (untuk scaling BOM): kecil*w_kecil + (besar+guru)*w_besar
create or replace function public.porsi_effective(p_date date)
returns numeric language plpgsql stable as $$
declare
  v_cnt record;
  v_wk numeric;
  v_wb numeric;
begin
  select kecil, besar, guru into v_cnt
    from public.porsi_counts(p_date);
  if v_cnt is null then return 0; end if;

  select (value->>'kecil')::numeric into v_wk from public.settings where key='porsi_weight';
  select (value->>'besar')::numeric into v_wb from public.settings where key='porsi_weight';
  v_wk := coalesce(v_wk, 0.7);
  v_wb := coalesce(v_wb, 1.0);

  return coalesce(v_cnt.kecil,0) * v_wk + (coalesce(v_cnt.besar,0) + coalesce(v_cnt.guru,0)) * v_wb;
end; $$;

-- Kebutuhan bahan per tanggal (kg per item, scaled oleh porsi_effective)
create or replace function public.requirement_for_date(p_date date)
returns table(item_code text, qty numeric, unit text, category public.item_category, price_idr numeric)
language plpgsql stable as $$
declare
  v_menu smallint;
  v_eff numeric;
begin
  v_eff := public.porsi_effective(p_date);
  if v_eff <= 0 then
    return;
  end if;

  -- Resolve menu: custom_menus dulu, lalu menu_assign
  if exists (select 1 from public.custom_menus where menu_date = p_date) then
    -- Custom menu: tidak refer menus.id, return dari jsonb (flatten)
    return query
      select
        it.code as item_code,
        (100.0 * v_eff / 1000.0)::numeric as qty,  -- default 100g/porsi untuk item custom
        it.unit,
        it.category,
        it.price_idr
      from public.custom_menus cm,
           jsonb_array_elements_text(cm.karbo || cm.protein || cm.sayur || cm.buah) as elem(val)
           join public.items it on it.code = elem.val
      where cm.menu_date = p_date;
    return;
  end if;

  select menu_id into v_menu from public.menu_assign where assign_date = p_date;
  if v_menu is null then
    return;
  end if;

  return query
    select
      b.item_code,
      (b.grams_per_porsi * v_eff / 1000.0)::numeric as qty,
      it.unit,
      it.category,
      it.price_idr
    from public.menu_bom b
    join public.items it on it.code = b.item_code
    where b.menu_id = v_menu;
end; $$;

-- Shortage scan: per tanggal, return item dimana kebutuhan > stok saat ini
create or replace function public.stock_shortage_for_date(p_date date)
returns table(item_code text, required numeric, on_hand numeric, gap numeric, unit text)
language plpgsql stable as $$
begin
  return query
    select r.item_code,
           r.qty as required,
           coalesce(s.qty, 0) as on_hand,
           greatest(r.qty - coalesce(s.qty, 0), 0) as gap,
           r.unit
    from public.requirement_for_date(p_date) r
    left join public.stock s on s.item_code = r.item_code
    order by gap desc;
end; $$;

-- Upcoming shortages (horizon N hari ke depan, return tanggal2 dengan shortage)
create or replace function public.upcoming_shortages(p_horizon int default 14)
returns table(op_date date, short_items int, total_gap_kg numeric)
language plpgsql stable as $$
declare
  d date;
  i int := 0;
begin
  d := current_date;
  while i < p_horizon loop
    return query
      select d as op_date,
             count(*)::int,
             sum(gap)
      from public.stock_shortage_for_date(d)
      where gap > 0
      group by 1
      having count(*) > 0;
    d := d + 1;
    i := i + 1;
  end loop;
end; $$;

-- ============================================================================
-- Invite/accept flow: admin create invite, user klaim via token
-- ============================================================================
-- Admin buat invite (dipanggil dari app via service client atau RPC)
create or replace function public.create_invite(
  p_email text,
  p_role public.user_role,
  p_supplier_id text default null
) returns text language plpgsql security definer as $$
declare
  v_token text;
  v_caller_role public.user_role;
begin
  select role into v_caller_role from public.profiles where id = auth.uid();
  if v_caller_role is distinct from 'admin' then
    raise exception 'Only admin can create invites';
  end if;

  insert into public.invites(email, role, supplier_id, created_by)
  values (lower(trim(p_email)), p_role, p_supplier_id, auth.uid())
  returning token into v_token;

  return v_token;
end; $$;

-- Saat user login pertama kali via magic link, trigger ini populate profiles
create or replace function public.handle_new_user()
returns trigger language plpgsql security definer as $$
declare
  v_invite record;
begin
  select * into v_invite from public.invites
    where lower(email) = lower(new.email)
      and used_at is null
      and expires_at > now()
    order by created_at desc limit 1;

  if v_invite is null then
    -- Tanpa invite → default viewer, nonaktif, admin harus aktifkan manual
    insert into public.profiles(id, email, full_name, role, active)
    values (new.id, new.email, new.raw_user_meta_data->>'full_name', 'viewer', false);
  else
    insert into public.profiles(id, email, full_name, role, supplier_id, active, invited_by)
    values (new.id, new.email, new.raw_user_meta_data->>'full_name',
            v_invite.role, v_invite.supplier_id, true, v_invite.created_by);
    update public.invites set used_at = now(), used_by = new.id where id = v_invite.id;
  end if;

  return new;
end; $$;

drop trigger if exists trg_auth_user_created on auth.users;
drop trigger if exists trg_auth_user_created on auth.users;
create trigger trg_auth_user_created after insert on auth.users
  for each row execute function public.handle_new_user();

-- ============================================================================
-- SUPPLIER ACTION TRACKER RPCs
-- Sumber: Onboarding MBG Suppliers (WFP × IFSR × FFI, Soe)
-- ============================================================================

-- List actions (optional filter by supplier_id, status, source)
-- RLS tetap berlaku: supplier hanya lihat action miliknya.
create or replace function public.list_supplier_actions(
  p_supplier_id text default null,
  p_status public.action_status default null,
  p_source public.action_source default null
) returns table (
  id bigint,
  supplier_id text,
  supplier_name text,
  related_scope text,
  title text,
  description text,
  category text,
  priority public.action_priority,
  status public.action_status,
  owner text,
  target_date date,
  done_at timestamptz,
  blocked_reason text,
  output_notes text,
  source public.action_source,
  source_ref text,
  days_to_target int,
  is_overdue boolean,
  created_at timestamptz,
  updated_at timestamptz
) language sql stable as $$
  select
    a.id,
    a.supplier_id,
    s.name as supplier_name,
    a.related_scope,
    a.title,
    a.description,
    a.category,
    a.priority,
    a.status,
    a.owner,
    a.target_date,
    a.done_at,
    a.blocked_reason,
    a.output_notes,
    a.source,
    a.source_ref,
    case
      when a.target_date is null then null
      else (a.target_date - current_date)::int
    end as days_to_target,
    (a.target_date is not null
      and a.target_date < current_date
      and a.status in ('open','in_progress','blocked')) as is_overdue,
    a.created_at,
    a.updated_at
  from public.supplier_actions a
  left join public.suppliers s on s.id = a.supplier_id
  where (p_supplier_id is null or a.supplier_id = p_supplier_id)
    and (p_status is null or a.status = p_status)
    and (p_source is null or a.source = p_source)
  order by
    case a.status
      when 'blocked' then 0
      when 'open' then 1
      when 'in_progress' then 2
      when 'done' then 3
      when 'cancelled' then 4
    end,
    case a.priority
      when 'critical' then 0
      when 'high' then 1
      when 'medium' then 2
      when 'low' then 3
    end,
    a.target_date nulls last,
    a.id;
$$;

-- Update status action (admin/operator bebas, supplier hanya boleh update action miliknya via RLS)
create or replace function public.update_action_status(
  p_id bigint,
  p_status public.action_status,
  p_notes text default null,
  p_blocked_reason text default null
) returns public.supplier_actions
language plpgsql as $$
declare
  v_row public.supplier_actions;
begin
  update public.supplier_actions
     set status = p_status,
         output_notes = coalesce(p_notes, output_notes),
         blocked_reason = case
           when p_status = 'blocked' then coalesce(p_blocked_reason, blocked_reason)
           else null
         end
   where id = p_id
   returning * into v_row;

  if v_row.id is null then
    raise exception 'Action % not found or not permitted', p_id;
  end if;

  return v_row;
end; $$;

-- Readiness snapshot untuk KPI dashboard
create or replace function public.action_readiness_snapshot()
returns table (
  total int,
  open_cnt int,
  in_progress_cnt int,
  blocked_cnt int,
  done_cnt int,
  cancelled_cnt int,
  overdue_cnt int,
  high_priority_open int,
  readiness_pct numeric
) language sql stable as $$
  with base as (
    select *
    from public.supplier_actions
  )
  select
    count(*)::int as total,
    count(*) filter (where status = 'open')::int,
    count(*) filter (where status = 'in_progress')::int,
    count(*) filter (where status = 'blocked')::int,
    count(*) filter (where status = 'done')::int,
    count(*) filter (where status = 'cancelled')::int,
    count(*) filter (
      where target_date is not null
        and target_date < current_date
        and status in ('open','in_progress','blocked')
    )::int as overdue_cnt,
    count(*) filter (
      where priority in ('high','critical')
        and status in ('open','in_progress','blocked')
    )::int as high_priority_open,
    case
      when count(*) filter (where status <> 'cancelled') = 0 then 0
      else round(
        100.0 * count(*) filter (where status = 'done')::numeric
        / nullif(count(*) filter (where status <> 'cancelled'), 0),
        1
      )
    end as readiness_pct
  from base;
$$;

-- List action yang sudah lewat target (untuk alerting)
create or replace function public.overdue_actions()
returns table (
  id bigint,
  supplier_id text,
  supplier_name text,
  related_scope text,
  title text,
  priority public.action_priority,
  status public.action_status,
  target_date date,
  days_late int,
  owner text
) language sql stable as $$
  select
    a.id,
    a.supplier_id,
    s.name as supplier_name,
    a.related_scope,
    a.title,
    a.priority,
    a.status,
    a.target_date,
    (current_date - a.target_date)::int as days_late,
    a.owner
  from public.supplier_actions a
  left join public.suppliers s on s.id = a.supplier_id
  where a.target_date is not null
    and a.target_date < current_date
    and a.status in ('open','in_progress','blocked')
  order by
    (current_date - a.target_date) desc,
    case a.priority
      when 'critical' then 0
      when 'high' then 1
      when 'medium' then 2
      when 'low' then 3
    end;
$$;

grant execute on function public.list_supplier_actions(text, public.action_status, public.action_source) to authenticated;
grant execute on function public.update_action_status(bigint, public.action_status, text, text) to authenticated;
grant execute on function public.action_readiness_snapshot() to authenticated;
grant execute on function public.overdue_actions() to authenticated;


-- >>> 0004_dashboard_rpcs.sql ===============================================
-- ============================================================================
-- Dashboard RPCs · Rich overview untuk /dashboard page
-- Port dari mockup HTML (Volume 4-Bulan, Top Supplier, 10-Hari Planning)
-- ============================================================================

-- ----------------------------------------------------------------------------
-- monthly_requirements(p_start date, p_months int)
-- Return agregat kebutuhan bahan per bulan untuk horizon N bulan ke depan.
-- Loop hari operasional (weekday & bukan non_op_day), join menu_assign × menu_bom,
-- scale dengan porsi_effective per tanggal, kelompokkan per (item, bulan).
-- ----------------------------------------------------------------------------
create or replace function public.monthly_requirements(
  p_start date,
  p_months int default 4
)
returns table(
  item_code text,
  month date,
  qty_kg numeric
)
language plpgsql stable as $$
declare
  v_end date;
begin
  v_end := (p_start + (p_months || ' months')::interval - interval '1 day')::date;

  return query
  with days as (
    select generate_series(p_start, v_end, interval '1 day')::date as op_date
  ),
  ops as (
    select
      d.op_date,
      date_trunc('month', d.op_date)::date as month
    from days d
    where extract(isodow from d.op_date) between 1 and 5
      and not exists (
        select 1 from public.non_op_days n where n.op_date = d.op_date
      )
  ),
  daily as (
    select
      o.op_date,
      o.month,
      ma.menu_id,
      public.porsi_effective(o.op_date) as porsi
    from ops o
    join public.menu_assign ma on ma.assign_date = o.op_date
  )
  select
    b.item_code,
    d.month,
    round(sum(b.grams_per_porsi * d.porsi) / 1000.0, 3) as qty_kg
  from daily d
  join public.menu_bom b on b.menu_id = d.menu_id
  where d.porsi > 0
  group by b.item_code, d.month
  order by d.month, qty_kg desc;
end; $$;

-- ----------------------------------------------------------------------------
-- top_suppliers_by_spend(p_start date, p_end date, p_limit int)
-- Return top supplier berdasarkan total nilai invoice dalam rentang tanggal.
-- ----------------------------------------------------------------------------
create or replace function public.top_suppliers_by_spend(
  p_start date,
  p_end date,
  p_limit int default 10
)
returns table(
  supplier_id text,
  supplier_name text,
  supplier_type public.supplier_type,
  total_spend numeric,
  invoice_count int
)
language sql stable as $$
  select
    s.id as supplier_id,
    s.name as supplier_name,
    s.type as supplier_type,
    coalesce(sum(i.total), 0) as total_spend,
    count(i.no)::int as invoice_count
  from public.suppliers s
  left join public.invoices i
    on i.supplier_id = s.id
   and i.inv_date between p_start and p_end
   and i.status <> 'cancelled'
  where s.active = true
  group by s.id, s.name, s.type
  having coalesce(sum(i.total), 0) > 0
  order by total_spend desc
  limit greatest(p_limit, 1);
$$;

-- ----------------------------------------------------------------------------
-- daily_planning(p_horizon int)
-- Return ringkasan planning untuk N hari ke depan (termasuk hari ini):
--   tanggal, menu_id, menu_name, porsi_total, porsi_effective, total_kg_required,
--   status operasional, jumlah item short.
-- ----------------------------------------------------------------------------
create or replace function public.daily_planning(p_horizon int default 10)
returns table(
  op_date date,
  menu_id smallint,
  menu_name text,
  porsi_total int,
  porsi_eff numeric,
  total_kg numeric,
  short_items int,
  operasional boolean
)
language plpgsql stable as $$
declare
  d date;
  i int := 0;
  v_cnt record;
  v_menu smallint;
  v_menu_name text;
  v_eff numeric;
  v_kg numeric;
  v_short int;
  v_op boolean;
begin
  d := current_date;
  while i < greatest(p_horizon, 1) loop
    -- porsi counts & operasional
    select kecil, besar, guru, operasional
      into v_cnt
      from public.porsi_counts(d);

    v_op := coalesce(v_cnt.operasional, false);
    v_eff := public.porsi_effective(d);

    -- menu for date
    select menu_id into v_menu from public.menu_assign where assign_date = d;
    if v_menu is not null then
      select name into v_menu_name from public.menus where id = v_menu;
    else
      v_menu_name := null;
    end if;

    -- total kg req
    select coalesce(sum(qty), 0) into v_kg
      from public.requirement_for_date(d);

    -- short items count
    select coalesce(count(*) filter (where gap > 0), 0)::int into v_short
      from public.stock_shortage_for_date(d);

    return query select
      d,
      v_menu,
      v_menu_name,
      coalesce(v_cnt.kecil, 0) + coalesce(v_cnt.besar, 0) + coalesce(v_cnt.guru, 0),
      v_eff,
      v_kg,
      v_short,
      v_op;

    d := d + 1;
    i := i + 1;
  end loop;
end; $$;

-- ----------------------------------------------------------------------------
-- dashboard_kpis()
-- Ringkasan KPI 4 angka untuk tile teratas dashboard: siswa aktif, sekolah,
-- menu hari ini, supplier aktif. Satu call saja.
-- ----------------------------------------------------------------------------
create or replace function public.dashboard_kpis()
returns table(
  students_total int,
  schools_active int,
  menu_today_id smallint,
  menu_today_name text,
  suppliers_active int
)
language sql stable as $$
  select
    coalesce((select sum(students)::int from public.schools where active = true), 0),
    coalesce((select count(*)::int from public.schools where active = true), 0),
    (select ma.menu_id from public.menu_assign ma where ma.assign_date = current_date limit 1),
    (select m.name from public.menu_assign ma
       join public.menus m on m.id = ma.menu_id
       where ma.assign_date = current_date limit 1),
    coalesce((select count(*)::int from public.suppliers where active = true), 0);
$$;

-- Grants untuk authenticated user (dibaca semua role kecuali supplier dibatasi
-- oleh RLS di layer data; RPC stable tidak bypass RLS).
grant execute on function public.monthly_requirements(date, int) to authenticated;
grant execute on function public.top_suppliers_by_spend(date, date, int) to authenticated;
grant execute on function public.daily_planning(int) to authenticated;
grant execute on function public.dashboard_kpis() to authenticated;


-- >>> 0005_seed_round2.sql ==================================================
-- ============================================================================
-- Round 2 seed: suppliers baru, libur nasional 2026, sample PO/GRN/Invoice
-- ============================================================================

-- 2 supplier tambahan dari HTML prototype
do $$ begin
  if (select count(*) from public.suppliers) = 0 then
    insert into public.suppliers (id, name, type, commodity, pic, phone, address, email, notes, score, status, active)
values
  ('SUP-13', 'UD Dua Putra', 'UD', 'Kentang, Ubi jalar, Jagung manis',
   'Pemilik UD Dua Putra', '+62 813-3801-1313', 'Soe · TTS',
   'duaputra.soe@gmail.com', 'Umbi-umbian lokal',
   75.30, 'signed', true),
  ('SUP-14', 'CV Sayur Dataran Tinggi', 'CV',
   'Sawi, Bayam, Kangkung, Kacang Panjang, Wortel',
   'Direktur CV Sayur DT', '+62 812-3888-1414', 'Kapan · TTS',
   'sayurdt@gmail.com', 'Sayur dataran tinggi Kapan',
   81.20, 'signed', true)
on conflict (id) do nothing;
  end if;
end $$;
-- Link ke items
do $$ begin
  if (select count(*) from public.supplier_items) = 0 then
    insert into public.supplier_items (supplier_id, item_code, is_main, price_idr, lead_time_days) values
  ('SUP-13', 'Kentang', false, 14000, 2),
  ('SUP-13', 'Ubi Jalar', true, 9000, 2),
  ('SUP-13', 'Jagung Manis', false, 8000, 2),
  ('SUP-14', 'Sawi', false, 8000, 1),
  ('SUP-14', 'Bayam', true, 7000, 1),
  ('SUP-14', 'Kangkung', false, 6000, 1),
  ('SUP-14', 'Kacang Panjang', false, 9000, 1),
  ('SUP-14', 'Wortel', false, 12000, 1)
on conflict (supplier_id, item_code) do nothing;
  end if;
end $$;
-- Hari libur nasional 2026 (non-operasional SPPG)
do $$ begin
  if (select count(*) from public.non_op_days) = 0 then
    insert into public.non_op_days (op_date, reason) values
  ('2026-01-01', 'Tahun Baru Masehi'),
  ('2026-02-17', 'Tahun Baru Imlek'),
  ('2026-03-19', 'Hari Suci Nyepi'),
  ('2026-03-20', 'Cuti Bersama Nyepi'),
  ('2026-04-03', 'Wafat Isa Al Masih'),
  ('2026-04-14', 'Hari Raya Idul Fitri 1447 H'),
  ('2026-04-15', 'Hari Raya Idul Fitri 1447 H'),
  ('2026-04-16', 'Cuti Bersama Idul Fitri'),
  ('2026-04-17', 'Cuti Bersama Idul Fitri'),
  ('2026-05-01', 'Hari Buruh Internasional'),
  ('2026-05-13', 'Kenaikan Isa Al Masih'),
  ('2026-06-01', 'Hari Lahir Pancasila'),
  ('2026-06-21', 'Hari Raya Idul Adha 1447 H'),
  ('2026-07-11', 'Tahun Baru Islam 1448 H'),
  ('2026-08-17', 'HUT Kemerdekaan RI'),
  ('2026-09-19', 'Maulid Nabi Muhammad SAW'),
  ('2026-12-25', 'Hari Raya Natal'),
  ('2026-12-26', 'Cuti Bersama Natal'),
  -- Libur sekolah TTS
  ('2026-06-22', 'Libur Kenaikan Kelas'),
  ('2026-06-23', 'Libur Kenaikan Kelas'),
  ('2026-06-24', 'Libur Kenaikan Kelas'),
  ('2026-06-25', 'Libur Kenaikan Kelas'),
  ('2026-06-26', 'Libur Kenaikan Kelas'),
  ('2026-06-29', 'Libur Kenaikan Kelas'),
  ('2026-06-30', 'Libur Kenaikan Kelas'),
  ('2026-07-01', 'Libur Kenaikan Kelas'),
  ('2026-07-02', 'Libur Kenaikan Kelas'),
  ('2026-07-03', 'Libur Kenaikan Kelas'),
  ('2026-12-21', 'Libur Semester Ganjil'),
  ('2026-12-22', 'Libur Semester Ganjil'),
  ('2026-12-23', 'Libur Semester Ganjil'),
  ('2026-12-24', 'Libur Semester Ganjil'),
  ('2026-12-28', 'Libur Semester Ganjil'),
  ('2026-12-29', 'Libur Semester Ganjil'),
  ('2026-12-30', 'Libur Semester Ganjil'),
  ('2026-12-31', 'Libur Semester Ganjil')
on conflict (op_date) do nothing;
  end if;
end $$;
-- Sample PO (untuk Bulog NTT + CV Lintas Cakrawala)
do $$ begin
  if (select count(*) from public.purchase_orders) = 0 then
    insert into public.purchase_orders (no, po_date, supplier_id, delivery_date, total, status, pay_method, top, ref_contract, notes)
values
  ('PO-2026-0001', '2026-04-10', 'SUP-01', '2026-04-16', 44800000, 'confirmed',
   'Transfer BRI', 'NET 30', 'LTA-SPPG-2026-BULOG',
   'PO bulanan beras premium untuk stock awal Mei.'),
  ('PO-2026-0002', '2026-04-12', 'SUP-02', '2026-04-15', 18900000, 'delivered',
   'Transfer BRI', 'NET 14', 'LTA-SPPG-2026-LINTAS',
   'Ayam + ikan untuk siklus menu minggu 1 Mei.'),
  ('PO-2026-0003', '2026-04-13', 'SUP-03', '2026-04-14', 6200000, 'delivered',
   'Cash', 'COD', null,
   'Sayur & bumbu segar mingguan.'),
  ('PO-2026-0004', '2026-04-14', 'SUP-06', '2026-04-15', 9800000, 'delivered',
   'Transfer BRI', 'NET 7', null,
   'Tahu tempe + sembako mingguan.')
on conflict (no) do nothing;
  end if;
end $$;
-- PO rows
do $$ begin
  if (select count(*) from public.po_rows) = 0 then
    insert into public.po_rows (po_no, line_no, item_code, qty, unit, price) values
  -- PO-0001 Bulog: beras
  ('PO-2026-0001', 1, 'Beras Putih', 3200, 'kg', 14000),
  -- PO-0002 Lintas Cakrawala: hewani
  ('PO-2026-0002', 1, 'Ayam Segar', 300, 'kg', 45000),
  ('PO-2026-0002', 2, 'Ikan Tuna', 80, 'kg', 58000),
  ('PO-2026-0002', 3, 'Telur Ayam', 44, 'kg', 30000),
  -- PO-0003 Kurnia Jaya: sayur
  ('PO-2026-0003', 1, 'Kentang', 120, 'kg', 14000),
  ('PO-2026-0003', 2, 'Wortel', 80, 'kg', 12000),
  ('PO-2026-0003', 3, 'Bawang Merah', 60, 'kg', 35000),
  ('PO-2026-0003', 4, 'Bawang Putih', 50, 'kg', 30000),
  -- PO-0004 Rajawali: sembako
  ('PO-2026-0004', 1, 'Tahu', 80, 'kg', 12000),
  ('PO-2026-0004', 2, 'Tempe', 80, 'kg', 14000),
  ('PO-2026-0004', 3, 'Minyak Goreng', 90, 'lt', 18000),
  ('PO-2026-0004', 4, 'Garam', 20, 'kg', 6000),
  ('PO-2026-0004', 5, 'Gula', 30, 'kg', 16000)
on conflict (po_no, line_no) do nothing;
  end if;
end $$;
-- GRN
do $$ begin
  if (select count(*) from public.grns) = 0 then
    insert into public.grns (no, po_no, grn_date, status, qc_note) values
  ('GRN-2026-0001', 'PO-2026-0002', '2026-04-15', 'ok',
   'Ayam kondisi segar, suhu simpan <4°C. Ikan tuna mata jernih.'),
  ('GRN-2026-0002', 'PO-2026-0003', '2026-04-14', 'ok',
   'Semua sayur segar, bawang kering.'),
  ('GRN-2026-0003', 'PO-2026-0004', '2026-04-15', 'partial',
   'Tempe 78kg (kurang 2kg), supplier ganti besok. Lainnya OK.')
on conflict (no) do nothing;
  end if;
end $$;
-- Invoices
do $$ begin
  if (select count(*) from public.invoices) = 0 then
    insert into public.invoices (no, po_no, inv_date, supplier_id, total, due_date, status) values
  ('INV-2026-0001', 'PO-2026-0002', '2026-04-15', 'SUP-02', 18900000, '2026-04-29', 'issued'),
  ('INV-2026-0002', 'PO-2026-0003', '2026-04-14', 'SUP-03', 6200000, '2026-04-14', 'paid'),
  ('INV-2026-0003', 'PO-2026-0004', '2026-04-15', 'SUP-06', 9772000, '2026-04-22', 'issued')
on conflict (no) do nothing;
  end if;
end $$;
-- Transactions ledger
do $$ begin
  if (select count(*) from public.transactions) = 0 then
    insert into public.transactions (tx_date, tx_type, ref_no, supplier_id, amount, description) values
  ('2026-04-10', 'po', 'PO-2026-0001', 'SUP-01', 44800000, 'Order beras 3.200 kg ke Bulog NTT'),
  ('2026-04-12', 'po', 'PO-2026-0002', 'SUP-02', 18900000, 'Order protein hewani ke Lintas Cakrawala'),
  ('2026-04-13', 'po', 'PO-2026-0003', 'SUP-03', 6200000, 'Order sayur & bumbu ke Kurnia Jaya'),
  ('2026-04-14', 'po', 'PO-2026-0004', 'SUP-06', 9800000, 'Order sembako ke Rajawali Pangan'),
  ('2026-04-14', 'grn', 'GRN-2026-0002', 'SUP-03', null, 'Terima sayur & bumbu · QC OK'),
  ('2026-04-14', 'invoice', 'INV-2026-0002', 'SUP-03', 6200000, 'Invoice sayur Kurnia Jaya'),
  ('2026-04-14', 'payment', 'INV-2026-0002', 'SUP-03', 6200000, 'Bayar Kurnia Jaya · COD'),
  ('2026-04-15', 'grn', 'GRN-2026-0001', 'SUP-02', null, 'Terima hewani · QC OK'),
  ('2026-04-15', 'invoice', 'INV-2026-0001', 'SUP-02', 18900000, 'Invoice Lintas Cakrawala · NET 30'),
  ('2026-04-15', 'grn', 'GRN-2026-0003', 'SUP-06', null, 'Terima sembako · partial (tempe -2kg)'),
  ('2026-04-15', 'invoice', 'INV-2026-0003', 'SUP-06', 9772000, 'Invoice Rajawali · NET 7');
  end if;
end $$;
-- Stock moves (auto-sync ke stock via trigger)
do $$ begin
  if (select count(*) from public.stock_moves) = 0 then
    insert into public.stock_moves (item_code, delta, reason, ref_doc, ref_no, note) values
  -- Opening balance Maret 2026
  ('Beras Putih', 500, 'opening', null, null, 'Opening stock Maret'),
  ('Ayam Segar', 30, 'opening', null, null, 'Opening stock'),
  ('Telur Ayam', 10, 'opening', null, null, 'Opening stock'),
  -- Receipt dari GRN
  ('Ayam Segar', 300, 'receipt', 'grn', 'GRN-2026-0001', 'Terima dari Lintas Cakrawala'),
  ('Ikan Tuna', 80, 'receipt', 'grn', 'GRN-2026-0001', 'Terima dari Lintas Cakrawala'),
  ('Telur Ayam', 44, 'receipt', 'grn', 'GRN-2026-0001', 'Terima dari Lintas Cakrawala'),
  ('Kentang', 120, 'receipt', 'grn', 'GRN-2026-0002', 'Terima dari Kurnia Jaya'),
  ('Wortel', 80, 'receipt', 'grn', 'GRN-2026-0002', 'Terima dari Kurnia Jaya'),
  ('Bawang Merah', 60, 'receipt', 'grn', 'GRN-2026-0002', 'Terima dari Kurnia Jaya'),
  ('Bawang Putih', 50, 'receipt', 'grn', 'GRN-2026-0002', 'Terima dari Kurnia Jaya'),
  ('Tahu', 80, 'receipt', 'grn', 'GRN-2026-0003', 'Terima dari Rajawali'),
  ('Tempe', 78, 'receipt', 'grn', 'GRN-2026-0003', 'Terima dari Rajawali (partial, -2kg)'),
  ('Minyak Goreng', 90, 'receipt', 'grn', 'GRN-2026-0003', 'Terima dari Rajawali'),
  ('Garam', 20, 'receipt', 'grn', 'GRN-2026-0003', 'Terima dari Rajawali'),
  ('Gula', 30, 'receipt', 'grn', 'GRN-2026-0003', 'Terima dari Rajawali');
  end if;
end $$;
-- ============================================================================
-- Supplier Onboarding Action Tracker
-- Sumber: 20260327_Onboarding MBG Suppliers_wfp.docx (meeting 27 Mar 2026)
-- Penanggung jawab default: IFSR-WFP field team
-- Target dates di-anchor dari meeting date 27 Mar 2026 + durasi di docx
-- ============================================================================
do $$ begin
  if (select count(*) from public.supplier_actions) = 0 then
    insert into public.supplier_actions
  (supplier_id, related_scope, title, description, category, priority, status,
   owner, target_date, source, source_ref, created_at)
values
  -- Item 1: Dual sourcing untuk bahan kritikal (eggs, tofu, LPG, rice)
  (null, 'Eggs · Tofu · LPG · Rice',
   'Identifikasi supplier cadangan untuk bahan kritikal',
   'Lakukan due diligence & onboarding supplier alternatif (dual sourcing) untuk telur, tahu, LPG, dan beras. Risiko single-source dinilai tinggi mengingat volume harian SPPG Nunumeu.',
   'Risk Mitigation', 'high', 'open',
   'IFSR-WFP + SPPG Nunumeu', '2026-04-10',
   'onboarding', 'docx:20260327/Item-1', '2026-03-27 10:00'),

  -- Item 2: Validasi kapasitas tahu CV Maju Lancar
  (null, 'CV Maju Lancar (Tahu)',
   'Verifikasi kapasitas produksi harian tahu',
   'Kunjungi fasilitas produksi CV Maju Lancar, ukur kapasitas harian vs. kebutuhan SPPG (~80 kg/hari). Evaluasi perlu tidaknya supplier kedua.',
   'Capacity Check', 'high', 'in_progress',
   'IFSR-WFP', '2026-04-10',
   'onboarding', 'docx:20260327/Item-2', '2026-03-27 10:05'),

  -- Item 3: Logistik ikan PT Alger Karya Utama
  (null, 'PT Alger Karya Utama (Ikan)',
   'Finalisasi skema logistik cold-chain ikan segar',
   'Konfirmasi SOP transportasi ikan (ice-box/reefer), frekuensi delivery, dan titik serah. Pastikan QC standar memenuhi syarat SPPG.',
   'Logistics', 'high', 'open',
   'IFSR-WFP', '2026-04-03',
   'onboarding', 'docx:20260327/Item-3', '2026-03-27 10:10'),

  -- Item 4: QC pisang dari Pisang Efron
  (null, 'Pisang Efron',
   'Tentukan standar QC pisang (ukuran, kematangan, packing)',
   'Susun acceptance criteria pisang untuk SPPG: grade ukuran, tingkat kematangan saat delivery, kemasan, toleransi reject. Edukasi supplier.',
   'Quality Control', 'medium', 'open',
   'Ahli Gizi SPPG', '2026-04-10',
   'onboarding', 'docx:20260327/Item-4', '2026-03-27 10:15'),

  -- Item 5: Price confirmation gate (SEMUA supplier)
  (null, 'ALL suppliers',
   'Pasang gate konfirmasi harga sebelum PO dirilis',
   'Standarkan alur: setiap PO harus punya konfirmasi tertulis harga dari supplier <48 jam sebelum rilis. Mencegah sengketa harga saat invoice.',
   'Process / Governance', 'high', 'in_progress',
   'Operator SPPG', '2026-03-30',
   'onboarding', 'docx:20260327/Item-5', '2026-03-27 10:20'),

  -- Item 6: Consignment SOP untuk Triananta Wijaya & Blivo
  (null, 'CV Triananta Wijaya · CV Blivo',
   'Susun SOP konsinyasi (consignment terms)',
   'Draft kontrak konsinyasi: scope barang, siapa menanggung susut, ritme stok-opname, mekanisme settlement. Review oleh legal WFP.',
   'Legal / SOP', 'medium', 'open',
   'IFSR-WFP Legal', '2026-04-10',
   'onboarding', 'docx:20260327/Item-6', '2026-03-27 10:25'),

  -- Item 7: Admin gaps Karya Utama (beras)
  (null, 'Karya Utama (Beras)',
   'Lengkapi dokumen administratif supplier beras',
   'NPWP, NIB, sertifikat halal/mutu beras, bukti sumber gabah. Tanpa ini LTA tidak bisa di-teken.',
   'Compliance / Docs', 'medium', 'open',
   'IFSR-WFP', '2026-04-03',
   'onboarding', 'docx:20260327/Item-7', '2026-03-27 10:30'),

  -- Item 8: Farmer Group Tunmuni
  (null, 'Farmer Group Tunmuni',
   'Formalisasi kelompok tani Tunmuni sebagai supplier',
   'Fasilitasi pendirian koperasi/legal entity, bimbingan SOP panen & pasca-panen, matching komoditas ke kebutuhan SPPG. Target awal: sayur dataran tinggi.',
   'Supplier Development', 'medium', 'open',
   'IFSR-WFP + Dinas Koperasi', '2026-04-24',
   'onboarding', 'docx:20260327/Item-8', '2026-03-27 10:35'),

  -- Item 9: PO cancellation policy (TLM, all)
  (null, 'TLM · ALL',
   'Susun kebijakan pembatalan PO',
   'Kondisi pembatalan (force majeure, QC gagal, supplier wanprestasi), konsekuensi finansial, lead-time notifikasi. Harmonisasi di LTA template.',
   'Legal / SOP', 'high', 'open',
   'IFSR-WFP Legal', '2026-04-03',
   'onboarding', 'docx:20260327/Item-9', '2026-03-27 10:40'),

  -- Item 10: Scope expansion Nusantara Pangan
  (null, 'CV Nusantara Pangan',
   'Evaluasi perluasan scope supply (selain LPG)',
   'Supplier menawarkan tambahan komoditas sembako (gula, minyak, tepung). Lakukan price discovery & cross-check dengan incumbent supplier.',
   'Scope / Pricing', 'medium', 'open',
   'Operator SPPG', '2026-04-10',
   'onboarding', 'docx:20260327/Item-10', '2026-03-27 10:45'),

  -- Item 11: Revisi LTA cooking gas (Nusantara Pangan & Wijaya)
  (null, 'CV Nusantara Pangan · CV Triananta Wijaya',
   'Revisi LTA LPG · klausul safety & distribusi',
   'Tambahkan klausul safety tabung (segel, SNI, expiry), frekuensi rotasi, SLA respon emergency. Draft revisi dikirim ke WFP legal.',
   'Legal / LTA', 'high', 'open',
   'IFSR-WFP Legal', '2026-04-03',
   'onboarding', 'docx:20260327/Item-11', '2026-03-27 10:50'),

  -- Item 12: Validasi LPG Red & White Coop
  (null, 'Red & White Coop (LPG)',
   'Validasi kapasitas & legalitas Red & White Coop',
   'Cek izin usaha LPG (agen/pangkalan resmi Pertamina), kapasitas tabung, area cakupan Soe-TTS. Penting untuk strategi dual-source LPG.',
   'Due Diligence', 'medium', 'open',
   'IFSR-WFP', '2026-04-10',
   'onboarding', 'docx:20260327/Item-12', '2026-03-27 10:55'),

  -- Item 13: Follow up BULOG NTT — maps to SUP-01
  ('SUP-01', null,
   'Follow up tanda tangan LTA Bulog NTT',
   'LTA Bulog NTT masih status awaiting. Follow up tanggal tanda tangan, siapkan draft final, koordinasi jadwal pimpinan Bulog.',
   'LTA / Contract', 'medium', 'in_progress',
   'IFSR-WFP', '2026-03-30',
   'onboarding', 'docx:20260327/Item-13', '2026-03-27 11:00')
on conflict do nothing;
  end if;
end $$;

-- >>> 0006_admin_data_rpcs.sql ==============================================
-- ============================================================================
-- 0006 · Admin Data RPCs
-- 3 reset operations + role guard. Master data CRUD goes through normal table
-- writes (RLS-gated by 0002), so no extra RPC needed for that.
-- ============================================================================

-- ----------------------------------------------------------------------------
-- 1. Reset transaksi (procurement + ledger + stock movements)
--    Wipe: receipts, transactions, invoices, grns, po_rows, purchase_orders,
--          stock_moves. Reset stock.qty = 0 for all items.
--    Keep: items, menus, menu_bom, schools, suppliers, supplier_items,
--          menu_assign, custom_menus, non_op_days, settings, profiles.
-- ----------------------------------------------------------------------------
create or replace function public.admin_reset_transactional()
returns jsonb
language plpgsql
security definer
set search_path = public
as $$
declare
  v_caller_role public.user_role;
  v_counts jsonb;
begin
  select role into v_caller_role from public.profiles where id = auth.uid();
  if v_caller_role is distinct from 'admin' then
    raise exception 'Only admin can reset data';
  end if;

  v_counts := jsonb_build_object(
    'receipts',        (select count(*) from public.receipts),
    'transactions',    (select count(*) from public.transactions),
    'invoices',        (select count(*) from public.invoices),
    'grns',            (select count(*) from public.grns),
    'po_rows',         (select count(*) from public.po_rows),
    'purchase_orders', (select count(*) from public.purchase_orders),
    'stock_moves',     (select count(*) from public.stock_moves),
    'stock_zeroed',    (select count(*) from public.stock where qty <> 0)
  );

  -- Truncate respects FK ordering. po_rows cascades from purchase_orders.
  delete from public.receipts;
  delete from public.transactions;
  delete from public.invoices;
  delete from public.grns;
  delete from public.purchase_orders;  -- cascades po_rows
  delete from public.stock_moves;
  update public.stock set qty = 0, updated_at = now(), updated_by = auth.uid()
   where qty <> 0;

  return v_counts;
end; $$;

-- ----------------------------------------------------------------------------
-- 2. Reset stok saja
--    Set stock.qty = 0 untuk semua item, log opening move biar ada audit.
--    Keep semua dokumen procurement & transaksi.
-- ----------------------------------------------------------------------------
create or replace function public.admin_reset_stock()
returns jsonb
language plpgsql
security definer
set search_path = public
as $$
declare
  v_caller_role public.user_role;
  v_affected int;
begin
  select role into v_caller_role from public.profiles where id = auth.uid();
  if v_caller_role is distinct from 'admin' then
    raise exception 'Only admin can reset stock';
  end if;

  -- Insert 'opening' moves dengan delta negatif untuk meng-net ke 0.
  -- trg_moves_apply akan otomatis update stock.qty.
  insert into public.stock_moves(item_code, delta, reason, ref_doc, note, created_by)
  select s.item_code, -s.qty, 'opening', 'reset', 'admin reset stock', auth.uid()
    from public.stock s
   where s.qty <> 0;

  get diagnostics v_affected = row_count;

  return jsonb_build_object('items_reset', v_affected);
end; $$;

-- ----------------------------------------------------------------------------
-- 3. Reset master data
--    Hapus items, menus, menu_bom, suppliers, supplier_items, schools.
--    REQUIRED PRECONDITION: tabel transaksi sudah kosong (PO/GRN/invoice/stock
--    refer ke master). Kalau belum, raise exception.
-- ----------------------------------------------------------------------------
create or replace function public.admin_reset_master()
returns jsonb
language plpgsql
security definer
set search_path = public
as $$
declare
  v_caller_role public.user_role;
  v_blockers jsonb;
  v_blocking int;
  v_counts jsonb;
begin
  select role into v_caller_role from public.profiles where id = auth.uid();
  if v_caller_role is distinct from 'admin' then
    raise exception 'Only admin can reset master data';
  end if;

  v_blockers := jsonb_build_object(
    'purchase_orders', (select count(*) from public.purchase_orders),
    'grns',            (select count(*) from public.grns),
    'invoices',        (select count(*) from public.invoices),
    'stock_moves',     (select count(*) from public.stock_moves),
    'transactions',    (select count(*) from public.transactions),
    'menu_assign',     (select count(*) from public.menu_assign),
    'custom_menus',    (select count(*) from public.custom_menus)
  );

  v_blocking :=
      (select count(*) from public.purchase_orders)
    + (select count(*) from public.grns)
    + (select count(*) from public.invoices)
    + (select count(*) from public.stock_moves)
    + (select count(*) from public.transactions)
    + (select count(*) from public.menu_assign)
    + (select count(*) from public.custom_menus);

  if v_blocking > 0 then
    raise exception 'Master data masih dipakai. Hapus transaksi & assignment dulu (Reset Transaksi). Detail: %', v_blockers;
  end if;

  v_counts := jsonb_build_object(
    'menu_bom',       (select count(*) from public.menu_bom),
    'menus',          (select count(*) from public.menus),
    'supplier_items', (select count(*) from public.supplier_items),
    'suppliers',      (select count(*) from public.suppliers),
    'schools',        (select count(*) from public.schools),
    'stock',          (select count(*) from public.stock),
    'items',          (select count(*) from public.items)
  );

  delete from public.menu_bom;
  delete from public.menus;
  delete from public.supplier_items;
  delete from public.suppliers;
  delete from public.schools;
  delete from public.stock;     -- FK ke items
  delete from public.items;

  return v_counts;
end; $$;

-- ----------------------------------------------------------------------------
-- Grants
-- ----------------------------------------------------------------------------
revoke all on function public.admin_reset_transactional() from public;
revoke all on function public.admin_reset_stock()         from public;
revoke all on function public.admin_reset_master()        from public;

grant execute on function public.admin_reset_transactional() to authenticated;
grant execute on function public.admin_reset_stock()         to authenticated;
grant execute on function public.admin_reset_master()        to authenticated;


-- >>> 0007_supplier_certs.sql ===============================================
-- ============================================================================
-- 0007 · Supplier certifications (untuk modal rincian supplier)
-- ============================================================================
create table if not exists public.supplier_certs (
  id bigserial primary key,
  supplier_id text not null references public.suppliers(id) on delete cascade,
  name text not null,
  valid_until date,
  created_at timestamptz not null default now()
);

create index if not exists idx_sup_certs on public.supplier_certs(supplier_id);

alter table public.supplier_certs enable row level security;

drop policy if exists "sup_certs: auth read" on public.supplier_certs;
drop policy if exists "sup_certs: auth read" on public.supplier_certs;
create policy "sup_certs: auth read" on public.supplier_certs
  for select using (auth.uid() is not null);

drop policy if exists "sup_certs: admin write" on public.supplier_certs;
drop policy if exists "sup_certs: admin write" on public.supplier_certs;
create policy "sup_certs: admin write" on public.supplier_certs
  for all using (public.is_admin()) with check (public.is_admin());


-- >>> 0008_school_attendance.sql ============================================
-- ============================================================================
-- 0008 · School attendance forecast (perkiraan kehadiran siswa 7 hari ke depan)
-- Panel operator mengisi angka kehadiran per sekolah per tanggal; engine
-- porsi_counts memakai nilai ini jika ada, fallback ke schools.students/kelas.
-- ============================================================================

create table if not exists public.school_attendance (
  school_id text not null references public.schools(id) on delete cascade,
  att_date date not null,
  qty int not null check (qty >= 0),
  updated_at timestamptz not null default now(),
  updated_by uuid references auth.users(id),
  primary key (school_id, att_date)
);

create index if not exists idx_school_att_date on public.school_attendance(att_date);

alter table public.school_attendance enable row level security;

drop policy if exists "sch_att: auth read" on public.school_attendance;
drop policy if exists "sch_att: auth read" on public.school_attendance;
create policy "sch_att: auth read" on public.school_attendance
  for select using (auth.uid() is not null);

drop policy if exists "sch_att: operator write" on public.school_attendance;
drop policy if exists "sch_att: operator write" on public.school_attendance;
create policy "sch_att: operator write" on public.school_attendance
  for all
  using (public.current_role() in ('admin','operator'))
  with check (public.current_role() in ('admin','operator'));

-- ----------------------------------------------------------------------------
-- Patch porsi_counts: consult school_attendance first, fallback to full roster.
-- Per sekolah, rasio hadir = att.qty / schools.students. Rasio ini diterapkan
-- proporsional ke kelas13/kelas46/guru sekolah tersebut. Jika qty tidak ada,
-- sekolah dihitung full roster (perilaku lama).
-- ----------------------------------------------------------------------------
create or replace function public.porsi_counts(p_date date)
returns table(kecil int, besar int, guru int, total int, operasional boolean)
language plpgsql stable as $$
declare
  v_kecil int := 0;
  v_besar int := 0;
  v_guru  int := 0;
  v_nonop boolean := false;
begin
  select true into v_nonop from public.non_op_days where op_date = p_date;
  if coalesce(v_nonop, false) then
    return query select 0,0,0,0,false;
    return;
  end if;

  if extract(dow from p_date) in (0,6) then
    return query select 0,0,0,0,false;
    return;
  end if;

  with roster as (
    select
      s.id,
      s.level,
      s.students,
      s.kelas13,
      s.kelas46,
      s.guru,
      a.qty as att_qty,
      case
        when a.qty is null then 1.0
        when s.students <= 0 then 0.0
        else least(a.qty::numeric / nullif(s.students,0)::numeric, 1.0)
      end as ratio
    from public.schools s
    left join public.school_attendance a
      on a.school_id = s.id and a.att_date = p_date
    where s.active = true
  )
  select
    coalesce(sum(
      case
        when level = 'PAUD/TK' then round(students * ratio)
        when level = 'SD'      then round(kelas13 * ratio)
        else 0
      end
    ), 0)::int,
    coalesce(sum(
      case
        when level = 'SD'                    then round(kelas46 * ratio)
        when level in ('SMP','SMA','SMK')    then round(students * ratio)
        else 0
      end
    ), 0)::int,
    coalesce(sum(round(guru * ratio)), 0)::int
  into v_kecil, v_besar, v_guru
  from roster;

  return query select v_kecil, v_besar, v_guru, (v_kecil + v_besar + v_guru), true;
end; $$;


-- >>> 0009_grn_qc.sql =======================================================
-- ============================================================================
-- 0009 · GRN QC Checklist (dinamis per kategori) + Non-Conformance Log
-- Source: SOP-OPR-003 PENERIMAAN MATERIAL + STANDAR PENERIMAAN BAHAN BAKU
-- ============================================================================

-- ----------------------------------------------------------------------------
-- QC checklist template: standar penerimaan per kategori bahan
-- Satu kategori punya banyak checkpoint (mis. BERAS → warna, bau, kutu, kadar air)
-- ----------------------------------------------------------------------------
create table if not exists public.qc_checklist_templates (
  id bigserial primary key,
  category public.item_category not null,
  item_code text references public.items(code) on delete cascade,
  checkpoint text not null,               -- "Warna putih bersih"
  expected text,                          -- "tidak kekuningan / abu-abu"
  is_critical boolean not null default false,
  sort_order smallint not null default 100,
  active boolean not null default true,
  created_at timestamptz not null default now()
);
create index if not exists idx_qc_tmpl_cat on public.qc_checklist_templates(category) where active;
create index if not exists idx_qc_tmpl_item on public.qc_checklist_templates(item_code) where active;

-- ----------------------------------------------------------------------------
-- GRN QC check: hasil pengecekan per GRN + checkpoint
-- ----------------------------------------------------------------------------
do $$ begin
  create type public.qc_result as enum ('pass','minor','major','critical','na'
  );
exception when duplicate_object then null;
end $$;

create table if not exists public.grn_qc_checks (
  id bigserial primary key,
  grn_no text not null references public.grns(no) on delete cascade,
  item_code text references public.items(code),
  checkpoint text not null,
  is_critical boolean not null default false,
  result public.qc_result not null default 'pass',
  note text,
  photo_url text,
  checked_by uuid references auth.users(id),
  checked_at timestamptz not null default now()
);
create index if not exists idx_grn_qc_grn on public.grn_qc_checks(grn_no);
create index if not exists idx_grn_qc_result on public.grn_qc_checks(result) where result <> 'pass';

-- ----------------------------------------------------------------------------
-- Non-Conformance Log: masalah kualitas yg perlu follow-up (NCR)
-- ----------------------------------------------------------------------------
do $$ begin
  create type public.ncr_severity as enum ('minor','major','critical'
  );
exception when duplicate_object then null;
end $$;
do $$ begin
  create type public.ncr_status as enum ('open','in_progress','resolved','waived'
  );
exception when duplicate_object then null;
end $$;

create table if not exists public.non_conformance_log (
  id bigserial primary key,
  ncr_no text unique,                     -- NCR-2026-001 (auto)
  grn_no text references public.grns(no) on delete set null,
  supplier_id text references public.suppliers(id) on delete set null,
  item_code text references public.items(code) on delete set null,
  severity public.ncr_severity not null default 'minor',
  status public.ncr_status not null default 'open',
  issue text not null,                    -- deskripsi masalah
  root_cause text,
  corrective_action text,
  qty_affected numeric(12,3),
  unit text,
  cost_impact_idr numeric(14,2),
  reported_at timestamptz not null default now(),
  reported_by uuid references auth.users(id),
  resolved_at timestamptz,
  resolved_by uuid references auth.users(id),
  photo_url text,
  linked_action_id bigint references public.supplier_actions(id) on delete set null,
  created_at timestamptz not null default now()
);
create index if not exists idx_ncr_status on public.non_conformance_log(status);
create index if not exists idx_ncr_sup on public.non_conformance_log(supplier_id);
create index if not exists idx_ncr_grn on public.non_conformance_log(grn_no);

-- Auto-assign NCR number
create or replace function public.assign_ncr_no()
returns trigger language plpgsql as $$
declare
  v_year text;
  v_seq int;
begin
  if new.ncr_no is null or new.ncr_no = '' then
    v_year := to_char(coalesce(new.reported_at, now()), 'YYYY');
    select coalesce(max(
      nullif(regexp_replace(ncr_no, 'NCR-' || v_year || '-', ''), '')::int
    ), 0) + 1
    into v_seq
    from public.non_conformance_log
    where ncr_no like 'NCR-' || v_year || '-%';
    new.ncr_no := 'NCR-' || v_year || '-' || lpad(v_seq::text, 3, '0');
  end if;
  return new;
end; $$;

drop trigger if exists trg_ncr_assign on public.non_conformance_log;
drop trigger if exists trg_ncr_assign on public.non_conformance_log;
create trigger trg_ncr_assign before insert on public.non_conformance_log
  for each row execute function public.assign_ncr_no();

-- Auto-stamp resolved_at
create or replace function public.stamp_ncr_resolved()
returns trigger language plpgsql as $$
begin
  if new.status in ('resolved','waived') and
     (old.status is distinct from 'resolved' and old.status is distinct from 'waived') then
    new.resolved_at := now();
    if new.resolved_by is null then
      new.resolved_by := auth.uid();
    end if;
  elsif new.status = 'open' or new.status = 'in_progress' then
    new.resolved_at := null;
    new.resolved_by := null;
  end if;
  return new;
end; $$;

drop trigger if exists trg_ncr_resolve on public.non_conformance_log;
drop trigger if exists trg_ncr_resolve on public.non_conformance_log;
create trigger trg_ncr_resolve before update on public.non_conformance_log
  for each row execute function public.stamp_ncr_resolved();

-- ============================================================================
-- RLS
-- ============================================================================
alter table public.qc_checklist_templates enable row level security;
alter table public.grn_qc_checks          enable row level security;
alter table public.non_conformance_log    enable row level security;

-- Templates: semua auth read, admin/ahli_gizi write (standar ditentukan gizi)
drop policy if exists "qc_tmpl: auth read" on public.qc_checklist_templates;
drop policy if exists "qc_tmpl: auth read" on public.qc_checklist_templates;
create policy "qc_tmpl: auth read" on public.qc_checklist_templates
  for select using (auth.uid() is not null);

drop policy if exists "qc_tmpl: gz/admin write" on public.qc_checklist_templates;
drop policy if exists "qc_tmpl: gz/admin write" on public.qc_checklist_templates;
create policy "qc_tmpl: gz/admin write" on public.qc_checklist_templates
  for all using (public.current_role() in ('admin','ahli_gizi'))
  with check (public.current_role() in ('admin','ahli_gizi'));

-- Checks: staff read semua, supplier read hanya GRN milik dia
drop policy if exists "qc_check: read staff or own-supplier" on public.grn_qc_checks;
drop policy if exists "qc_check: read staff or own-supplier" on public.grn_qc_checks;
create policy "qc_check: read staff or own-supplier" on public.grn_qc_checks
  for select using (
    auth.uid() is not null and (
      public.current_role() in ('admin','operator','ahli_gizi','viewer')
      or (public.current_role() = 'supplier' and exists (
        select 1 from public.grns g
        join public.purchase_orders p on p.no = g.po_no
        where g.no = grn_qc_checks.grn_no
          and p.supplier_id = public.current_supplier_id()
      ))
    )
  );

drop policy if exists "qc_check: op/admin write" on public.grn_qc_checks;
drop policy if exists "qc_check: op/admin write" on public.grn_qc_checks;
create policy "qc_check: op/admin write" on public.grn_qc_checks
  for all using (public.current_role() in ('admin','operator'))
  with check (public.current_role() in ('admin','operator'));

-- NCR: staff read semua, supplier read only own
drop policy if exists "ncr: read staff or own-supplier" on public.non_conformance_log;
drop policy if exists "ncr: read staff or own-supplier" on public.non_conformance_log;
create policy "ncr: read staff or own-supplier" on public.non_conformance_log
  for select using (
    auth.uid() is not null and (
      public.current_role() in ('admin','operator','ahli_gizi','viewer')
      or (public.current_role() = 'supplier' and supplier_id = public.current_supplier_id())
    )
  );

drop policy if exists "ncr: op/admin write" on public.non_conformance_log;
drop policy if exists "ncr: op/admin write" on public.non_conformance_log;
create policy "ncr: op/admin write" on public.non_conformance_log
  for all using (public.current_role() in ('admin','operator'))
  with check (public.current_role() in ('admin','operator'));

-- ============================================================================
-- RPCs
-- ============================================================================
-- Fetch template yang berlaku untuk suatu item (item-specific OR category-level)
create or replace function public.qc_template_for_item(p_item text)
returns table (
  id bigint,
  category public.item_category,
  checkpoint text,
  expected text,
  is_critical boolean,
  sort_order smallint
) language sql stable as $$
  select t.id, t.category, t.checkpoint, t.expected, t.is_critical, t.sort_order
  from public.qc_checklist_templates t
  join public.items i on i.code = p_item
  where t.active = true
    and (t.item_code = p_item or (t.item_code is null and t.category = i.category))
  order by t.sort_order, t.id;
$$;

-- Summary check untuk satu GRN (berapa pass/minor/major/critical)
create or replace function public.grn_qc_summary(p_grn_no text)
returns table (
  total int,
  pass int,
  minor int,
  major int,
  critical int,
  fail_total int,
  has_critical boolean
) language sql stable as $$
  select
    count(*)::int,
    count(*) filter (where result = 'pass')::int,
    count(*) filter (where result = 'minor')::int,
    count(*) filter (where result = 'major')::int,
    count(*) filter (where result = 'critical')::int,
    count(*) filter (where result in ('minor','major','critical'))::int,
    bool_or(result = 'critical')
  from public.grn_qc_checks
  where grn_no = p_grn_no;
$$;

-- Open NCR snapshot (dashboard)
create or replace function public.ncr_open_snapshot()
returns table (
  total int,
  open_cnt int,
  in_progress_cnt int,
  resolved_cnt int,
  critical_open int,
  avg_resolve_days numeric
) language sql stable as $$
  select
    count(*)::int,
    count(*) filter (where status = 'open')::int,
    count(*) filter (where status = 'in_progress')::int,
    count(*) filter (where status = 'resolved')::int,
    count(*) filter (where status in ('open','in_progress') and severity = 'critical')::int,
    round(avg(extract(epoch from (resolved_at - reported_at))/86400.0)::numeric, 1)
  from public.non_conformance_log;
$$;

grant execute on function public.qc_template_for_item(text)     to authenticated;
grant execute on function public.grn_qc_summary(text)           to authenticated;
grant execute on function public.ncr_open_snapshot()            to authenticated;

-- ============================================================================
-- Seed template QC: standar penerimaan minimal per kategori
-- ============================================================================
insert into public.qc_checklist_templates (category, checkpoint, expected, is_critical, sort_order) values
  -- BERAS
  ('BERAS', 'Fisik biji utuh, tidak pecah >10%', 'butir pecah < 10%', true, 10),
  ('BERAS', 'Warna putih/sesuai varietas', 'tidak kekuningan, tidak abu-abu', false, 20),
  ('BERAS', 'Bau normal, tidak apek/tengik', 'bau beras segar', true, 30),
  ('BERAS', 'Bebas kutu/hama', 'tidak ada serangga/larva', true, 40),
  ('BERAS', 'Bebas benda asing', 'tidak ada batu/logam/sekam', true, 50),
  ('BERAS', 'Kadar air <14%', '<14% (tidak lembab)', false, 60),
  -- HEWANI (daging/ikan/telur)
  ('HEWANI', 'Warna sesuai standar', 'merah segar (daging) / tidak kusam (ikan)', true, 10),
  ('HEWANI', 'Bau segar, tidak amis berlebih', 'tidak busuk/asam', true, 20),
  ('HEWANI', 'Tekstur kenyal, elastis', 'ditekan kembali ke bentuk semula', false, 30),
  ('HEWANI', 'Suhu terima sesuai cold chain', 'daging/ikan segar <5°C, beku <-15°C', true, 40),
  ('HEWANI', 'Bebas memar/luka/parasit', 'fisik utuh, tidak ada cacing/larva', true, 50),
  ('HEWANI', 'Kemasan tidak bocor', 'vakum/plastik utuh', false, 60),
  -- NABATI (tahu/tempe/kacang)
  ('NABATI', 'Tidak berlendir', 'permukaan kering/tidak slimy', true, 10),
  ('NABATI', 'Bau normal (tahu/tempe)', 'bau fermentasi wajar', false, 20),
  ('NABATI', 'Warna sesuai (putih/krem)', 'tidak kehijauan/kehitaman', true, 30),
  ('NABATI', 'Tekstur padat (tahu) / kompak (tempe)', 'tidak rapuh', false, 40),
  -- SAYUR_HIJAU & SAYUR
  ('SAYUR_HIJAU', 'Segar, tidak layu', 'daun tegak, tidak menguning', true, 10),
  ('SAYUR_HIJAU', 'Tidak busuk/berlendir', 'tidak ada bercak hitam/basah', true, 20),
  ('SAYUR_HIJAU', 'Bebas hama/ulat', 'tidak ada serangga hidup', true, 30),
  ('SAYUR_HIJAU', 'Ukuran seragam', 'diameter/panjang ~sama', false, 40),
  ('SAYUR', 'Segar, tidak lembek', 'kerenyahan sesuai jenis', true, 10),
  ('SAYUR', 'Bebas bercak/jamur', 'permukaan bersih', true, 20),
  ('SAYUR', 'Ukuran seragam', 'sesuai standar grade', false, 30),
  -- UMBI
  ('UMBI', 'Keras, tidak lunak', 'tidak bertunas, tidak berjamur', true, 10),
  ('UMBI', 'Warna kulit normal', 'tidak menghitam', false, 20),
  -- BUAH
  ('BUAH', 'Segar, tingkat kematangan sesuai', 'tidak over-ripe, tidak busuk', true, 10),
  ('BUAH', 'Bebas memar', 'fisik utuh', false, 20),
  ('BUAH', 'Ukuran seragam', 'berat/volume sesuai grade', false, 30),
  -- BUMBU & REMPAH
  ('BUMBU', 'Kering (rempah kering) / segar (basah)', 'tidak lembab / tidak layu', false, 10),
  ('BUMBU', 'Bau aromatic sesuai', 'tidak apek, tidak berjamur', true, 20),
  ('REMPAH', 'Kering, bau aromatic', 'tidak berjamur', true, 10),
  -- SEMBAKO (minyak, gula, garam, tepung)
  ('SEMBAKO', 'Kemasan tersegel utuh', 'segel pabrik tidak rusak', true, 10),
  ('SEMBAKO', 'Expire date >3 bulan', 'minimum 3 bulan sebelum expire', true, 20),
  ('SEMBAKO', 'Label lengkap (BPOM, komposisi)', 'label jelas dan terbaca', false, 30)
on conflict do nothing;


-- >>> 0010_quotations.sql ===================================================
-- ============================================================================
-- 0010 · Quotations / RFQ
-- Alur: Menu → porsi_counts (+ attendance) → requirement_for_date (kg) →
-- Operator drafting quotation ke supplier (suggested price) → Supplier
-- review → Quotation accepted → convert ke PO.
-- ============================================================================

do $$ begin
  create type public.quotation_status as enum (
  'draft',        -- baru dibuat operator, belum dikirim
  'sent',         -- sudah dikirim ke supplier
  'responded',    -- supplier sudah balas (harga/qty disesuaikan)
  'accepted',     -- operator terima, siap convert ke PO
  'converted',    -- sudah jadi PO
  'rejected',     -- ditolak salah satu pihak
  'expired'       -- lewat valid_until
  );
exception when duplicate_object then null;
end $$;

create table if not exists public.quotations (
  no text primary key,                          -- 'QT-2026-001'
  supplier_id text not null references public.suppliers(id),
  quote_date date not null default current_date,
  valid_until date,
  need_date date,                               -- tanggal menu butuh barangnya
  status public.quotation_status not null default 'draft',
  total numeric(14,2) not null default 0,
  notes text,
  converted_po_no text references public.purchase_orders(no),
  created_at timestamptz not null default now(),
  created_by uuid references auth.users(id),
  responded_at timestamptz,
  responded_by uuid references auth.users(id)
);
create index if not exists idx_qt_sup_date on public.quotations(supplier_id, quote_date desc);
create index if not exists idx_qt_status on public.quotations(status);
create index if not exists idx_qt_need on public.quotations(need_date);

create table if not exists public.quotation_rows (
  qt_no text not null references public.quotations(no) on delete cascade,
  line_no smallint not null,
  item_code text not null references public.items(code),
  qty numeric(12,3) not null,                   -- kebutuhan (kg/lt/btr)
  unit text not null,
  price_suggested numeric(12,2),                -- harga saran operator
  price_quoted numeric(12,2),                   -- harga final supplier
  qty_quoted numeric(12,3),                     -- qty final supplier (kalau beda)
  note text,
  subtotal numeric(14,2) generated always as (
    coalesce(qty_quoted, qty) * coalesce(price_quoted, price_suggested, 0)
  ) stored,
  primary key (qt_no, line_no)
);

-- Auto-recompute quotation.total saat rows berubah
create or replace function public.recalc_quotation_total()
returns trigger language plpgsql as $$
declare
  v_qt text;
  v_sum numeric(14,2);
begin
  v_qt := coalesce(new.qt_no, old.qt_no);
  select coalesce(sum(subtotal), 0) into v_sum
  from public.quotation_rows
  where qt_no = v_qt;
  update public.quotations set total = v_sum where no = v_qt;
  return null;
end; $$;

drop trigger if exists trg_qt_rows_recalc on public.quotation_rows;
drop trigger if exists trg_qt_rows_recalc on public.quotation_rows;
create trigger trg_qt_rows_recalc after insert or update or delete on public.quotation_rows
  for each row execute function public.recalc_quotation_total();

-- Auto-assign quotation number (QT-YYYY-NNN)
create or replace function public.assign_quotation_no()
returns trigger language plpgsql as $$
declare
  v_year text;
  v_seq int;
begin
  if new.no is null or new.no = '' then
    v_year := to_char(coalesce(new.quote_date, current_date), 'YYYY');
    select coalesce(max(
      nullif(regexp_replace(no, 'QT-' || v_year || '-', ''), '')::int
    ), 0) + 1
    into v_seq
    from public.quotations
    where no like 'QT-' || v_year || '-%';
    new.no := 'QT-' || v_year || '-' || lpad(v_seq::text, 3, '0');
  end if;
  return new;
end; $$;

drop trigger if exists trg_qt_assign on public.quotations;
drop trigger if exists trg_qt_assign on public.quotations;
create trigger trg_qt_assign before insert on public.quotations
  for each row execute function public.assign_quotation_no();

-- ============================================================================
-- RLS
-- ============================================================================
alter table public.quotations     enable row level security;
alter table public.quotation_rows enable row level security;

-- Quotations: staff read semua, supplier read only own
drop policy if exists "qt: read staff or own-supplier" on public.quotations;
drop policy if exists "qt: read staff or own-supplier" on public.quotations;
create policy "qt: read staff or own-supplier" on public.quotations
  for select using (
    auth.uid() is not null and (
      public.current_role() in ('admin','operator','ahli_gizi','viewer')
      or (public.current_role() = 'supplier' and supplier_id = public.current_supplier_id())
    )
  );

drop policy if exists "qt: op/admin write" on public.quotations;
drop policy if exists "qt: op/admin write" on public.quotations;
create policy "qt: op/admin write" on public.quotations
  for all using (public.current_role() in ('admin','operator'))
  with check (public.current_role() in ('admin','operator'));

drop policy if exists "qt: supplier respond" on public.quotations;
drop policy if exists "qt: supplier respond" on public.quotations;
create policy "qt: supplier respond" on public.quotations
  for update using (
    public.current_role() = 'supplier'
    and supplier_id = public.current_supplier_id()
    and status in ('sent','responded')
  )
  with check (
    public.current_role() = 'supplier'
    and supplier_id = public.current_supplier_id()
  );

-- Quotation rows: inherit access via parent quotation
drop policy if exists "qt_rows: read via parent" on public.quotation_rows;
drop policy if exists "qt_rows: read via parent" on public.quotation_rows;
create policy "qt_rows: read via parent" on public.quotation_rows
  for select using (
    auth.uid() is not null and exists (
      select 1 from public.quotations q
      where q.no = quotation_rows.qt_no
        and (
          public.current_role() in ('admin','operator','ahli_gizi','viewer')
          or (public.current_role() = 'supplier' and q.supplier_id = public.current_supplier_id())
        )
    )
  );

drop policy if exists "qt_rows: op/admin write" on public.quotation_rows;
drop policy if exists "qt_rows: op/admin write" on public.quotation_rows;
create policy "qt_rows: op/admin write" on public.quotation_rows
  for all using (public.current_role() in ('admin','operator'))
  with check (public.current_role() in ('admin','operator'));

drop policy if exists "qt_rows: supplier respond" on public.quotation_rows;
drop policy if exists "qt_rows: supplier respond" on public.quotation_rows;
create policy "qt_rows: supplier respond" on public.quotation_rows
  for update using (
    public.current_role() = 'supplier'
    and exists (
      select 1 from public.quotations q
      where q.no = quotation_rows.qt_no
        and q.supplier_id = public.current_supplier_id()
        and q.status in ('sent','responded')
    )
  )
  with check (
    public.current_role() = 'supplier'
    and exists (
      select 1 from public.quotations q
      where q.no = quotation_rows.qt_no
        and q.supplier_id = public.current_supplier_id()
    )
  );

-- ============================================================================
-- RPC: Convert quotation → Purchase Order
-- Ambil harga & qty final (quoted) dari quotation_rows → buat PO baru, lock
-- quotation ke status='converted' + set converted_po_no.
-- ============================================================================
create or replace function public.convert_quotation_to_po(p_qt_no text)
returns text
language plpgsql security definer
set search_path = public, auth
as $$
declare
  v_qt record;
  v_po_no text;
  v_year text;
  v_seq int;
  v_line smallint := 1;
  v_total numeric(14,2) := 0;
  r record;
begin
  if public.current_role() not in ('admin','operator') then
    raise exception 'forbidden';
  end if;

  select * into v_qt from public.quotations where no = p_qt_no;
  if not found then
    raise exception 'quotation % not found', p_qt_no;
  end if;
  if v_qt.status = 'converted' and v_qt.converted_po_no is not null then
    return v_qt.converted_po_no;  -- idempotent
  end if;
  if v_qt.status not in ('accepted','responded') then
    raise exception 'quotation % status % cannot be converted', p_qt_no, v_qt.status;
  end if;

  v_year := to_char(current_date, 'YYYY');
  select coalesce(max(
    nullif(regexp_replace(no, 'PO-' || v_year || '-', ''), '')::int
  ), 0) + 1
  into v_seq
  from public.purchase_orders
  where no like 'PO-' || v_year || '-%';
  v_po_no := 'PO-' || v_year || '-' || lpad(v_seq::text, 3, '0');

  insert into public.purchase_orders(
    no, po_date, supplier_id, delivery_date, status, notes, created_by
  ) values (
    v_po_no, current_date, v_qt.supplier_id, v_qt.need_date, 'draft',
    'Dari ' || p_qt_no || coalesce(' · ' || v_qt.notes, ''),
    auth.uid()
  );

  for r in
    select
      item_code,
      unit,
      coalesce(qty_quoted, qty) as qty_final,
      coalesce(price_quoted, price_suggested, 0) as price_final
    from public.quotation_rows
    where qt_no = p_qt_no
    order by line_no
  loop
    insert into public.po_rows(po_no, line_no, item_code, qty, unit, price)
    values (v_po_no, v_line, r.item_code, r.qty_final, r.unit, r.price_final);
    v_total := v_total + r.qty_final * r.price_final;
    v_line := v_line + 1;
  end loop;

  update public.purchase_orders set total = v_total where no = v_po_no;

  update public.quotations
    set status = 'converted', converted_po_no = v_po_no
    where no = p_qt_no;

  return v_po_no;
end; $$;

grant execute on function public.convert_quotation_to_po(text) to authenticated;

-- ============================================================================
-- RPC: Pre-fill quotation rows dari requirement_for_date
-- Dipakai UI untuk seed items berdasarkan menu di tanggal tertentu.
-- ============================================================================
create or replace function public.quotation_seed_from_date(
  p_date date
)
returns table(item_code text, qty numeric, unit text, price_suggested numeric)
language sql stable as $$
  select
    r.item_code,
    round(r.qty::numeric, 3) as qty,
    r.unit,
    coalesce(
      -- saran harga = last PO price dari item ini (semua supplier)
      (select pr.price
         from public.po_rows pr
         join public.purchase_orders po on po.no = pr.po_no
         where pr.item_code = r.item_code
         order by po.po_date desc
         limit 1),
      -- fallback: price_idr dari BOM/items catalog
      r.price_idr
    ) as price_suggested
  from public.requirement_for_date(p_date) r
  order by r.item_code;
$$;

grant execute on function public.quotation_seed_from_date(date) to authenticated;


-- >>> 0011_grn_autostock.sql ================================================
-- ============================================================================
-- 0011 · GRN → Stock auto-sync
-- Saat GRN di-mark status='ok', otomatis iterasi po_rows untuk generate
-- stock_moves (reason='receipt'). trg_moves_apply existing akan update stock.
-- Idempotent: cek dulu kalau sudah ada stock_moves dengan ref_doc='grn' dan
-- ref_no=GRN.no — kalau ada, skip (jangan double-insert).
-- Untuk status='partial', qty tetap dipakai full dari po_rows (approximation);
-- operator bisa manual adjustment lewat stock_moves kalau ada selisih real.
-- Untuk status='rejected' → tidak insert apapun.
-- ============================================================================

create or replace function public.grn_sync_stock()
returns trigger language plpgsql as $$
declare
  v_exists int;
  v_po text;
  r record;
begin
  -- Hanya kalau transisi ke 'ok' atau 'partial'
  if new.status not in ('ok','partial') then
    return new;
  end if;
  -- Skip kalau status lama sudah ok/partial (tidak re-sync)
  if tg_op = 'UPDATE' and old.status in ('ok','partial') then
    return new;
  end if;

  v_po := new.po_no;
  if v_po is null then
    return new;
  end if;

  -- Idempotency guard: sudah pernah insert stock_moves untuk GRN ini?
  select count(*) into v_exists
    from public.stock_moves
    where ref_doc = 'grn' and ref_no = new.no;
  if v_exists > 0 then
    return new;
  end if;

  for r in
    select item_code, qty, unit
      from public.po_rows
      where po_no = v_po
      order by line_no
  loop
    insert into public.stock_moves(
      item_code, delta, reason, ref_doc, ref_no, note, created_by
    ) values (
      r.item_code,
      r.qty,          -- qty positif = masuk stock
      'receipt',
      'grn',
      new.no,
      'Auto-sync dari GRN ' || new.no || ' (PO ' || v_po || ')',
      auth.uid()
    );
  end loop;

  return new;
end; $$;

drop trigger if exists trg_grn_sync_stock_ins on public.grns;
drop trigger if exists trg_grn_sync_stock_ins on public.grns;
create trigger trg_grn_sync_stock_ins after insert on public.grns
  for each row execute function public.grn_sync_stock();

drop trigger if exists trg_grn_sync_stock_upd on public.grns;
drop trigger if exists trg_grn_sync_stock_upd on public.grns;
create trigger trg_grn_sync_stock_upd after update of status on public.grns
  for each row execute function public.grn_sync_stock();

-- ----------------------------------------------------------------------------
-- Optional: saat PO di-deliver, auto-set status.
-- ----------------------------------------------------------------------------
create or replace function public.po_mark_delivered_on_grn()
returns trigger language plpgsql as $$
begin
  if new.status in ('ok','partial') and new.po_no is not null then
    update public.purchase_orders
      set status = 'delivered'
      where no = new.po_no
        and status in ('draft','sent','confirmed');
  end if;
  return new;
end; $$;

drop trigger if exists trg_po_delivered_from_grn on public.grns;
drop trigger if exists trg_po_delivered_from_grn on public.grns;
create trigger trg_po_delivered_from_grn after insert or update of status on public.grns
  for each row execute function public.po_mark_delivered_on_grn();


-- >>> 0012_menus_adjusted_tiered.sql ========================================
-- ============================================================================
-- 0011 · Replace 14 placeholder menus with 10 ADJUSTED menus from
-- "ADJUSTED Costing Sheet Dish 06042026.xlsx" (WFP × IFSR × FFI, SPPG Nunumeu).
--
-- Changes:
--   1. Tambah tiered gramasi column di menu_bom
--      (grams_paud, grams_sd13, grams_sd46, grams_smp) · 4 age-band SPPG.
--   2. Insert item baru yang belum ada di master (bumbu, rempah, sawi putih, dst).
--   3. Rewrite 14 menu placeholder → 10 menu riil ADJUSTED (M1..M10).
--   4. Rewrite menu_bom lengkap dengan tiered gramasi.
--   5. Regenerate menu_assign go-live 2026-05-04 rotasi 10-hari.
--   6. New function `porsi_counts_tiered(p_date)` return 4-tier count.
--   7. Patch `requirement_for_date` pakai tiered multiplication jika tier ≠ 0.
--   8. Patch `monthly_requirements` pakai tiered.
-- ============================================================================

-- ---------- 1. Tier columns ----------------------------------------------
alter table public.menu_bom
  add column if not exists grams_paud numeric(10,3) not null default 0,
  add column if not exists grams_sd13 numeric(10,3) not null default 0,
  add column if not exists grams_sd46 numeric(10,3) not null default 0,
  add column if not exists grams_smp  numeric(10,3) not null default 0;

comment on column public.menu_bom.grams_paud is 'Gramasi per porsi PAUD/TK (3-5 th). Sumber: ADJUSTED Costing Sheet.';
comment on column public.menu_bom.grams_sd13 is 'Gramasi per porsi SD kelas 1-3 (6-9 th).';
comment on column public.menu_bom.grams_sd46 is 'Gramasi per porsi SD kelas 4-6 (10-12 th) — baseline besar.';
comment on column public.menu_bom.grams_smp  is 'Gramasi per porsi SMP/SMA/SMK + Guru (13-18 th +).';

-- ---------- 2. Items baru ------------------------------------------------
insert into public.items(code, name_en, unit, category, price_idr, vol_weekly) values
  ('Ayam Tanpa Tulang', 'Boneless Chicken', 'kg', 'HEWANI', 58000, 0),
  ('Bawang Bombay',     'Onion',            'kg', 'BUMBU',  30000, 0),
  ('Daun Bawang',       'Spring Onion',     'kg', 'BUMBU',  27500, 0),
  ('Daun Jeruk',        'Kaffir Lime Leaf', 'kg', 'REMPAH', 25000, 0),
  ('Daun Kemangi',      'Basil',            'kg', 'BUMBU',  50000, 0),
  ('Kemiri',            'Candlenut',        'kg', 'REMPAH', 35000, 0),
  ('Ketumbar',          'Coriander',        'kg', 'REMPAH',  7000, 0),
  ('Labu Parang',       'Pumpkin',          'kg', 'SAYUR',  17500, 0),
  ('Lengkuas',          'Galangal',         'kg', 'REMPAH',  7000, 0),
  ('Merica',            'Pepper',           'kg', 'REMPAH',100000, 0),
  ('Pakcoi',            'Pak Choi',         'kg', 'SAYUR_HIJAU', 12000, 0),
  ('Sawi Putih',        'Chinese Cabbage',  'kg', 'SAYUR_HIJAU', 12000, 0),
  ('Sereh',             'Lemongrass',       'kg', 'REMPAH', 15000, 0),
  ('Tomat',             'Tomato',           'kg', 'SAYUR',  15000, 0)
on conflict (code) do nothing;

-- ---------- 3. Menu cycle: 14 → 10 ADJUSTED -----------------------------
-- Kosongkan dulu menu_bom 11-14 dan menu 11-14 yg obsolete.
delete from public.menu_bom  where menu_id not between 1 and 10;
delete from public.menu_assign where menu_id not between 1 and 10;
delete from public.menus      where id      not between 1 and 10;

-- Upsert 10 menu riil
insert into public.menus(id, name, name_en, cycle_day, active) values
  (1,  'Tumis Jagung Sawi Putih & Semur Ayam',      'Stir-Fried Corn-Cabbage + Braised Chicken',    1,  true),
  (2,  'Tumis Buncis & Telur Balado',               'Stir-Fried Green Bean + Balado Egg',           2,  true),
  (3,  'Tumis Labu Pakcoi & Ikan Balado',           'Stir-Fried Squash-Pakcoi + Balado Fish',       3,  true),
  (4,  'Tumis Kacang Panjang & Ayam Opor Bening',   'Stir-Fried Long Bean + Clear Opor Chicken',    4,  true),
  (5,  'Tumis Sawi Hijau & Telur Dadar',            'Stir-Fried Mustard Greens + Omelette',         5,  true),
  (6,  'Tumis Buncis Jagung & Ikan Saus Merah',     'Stir-Fried Bean-Corn + Red Sauce Fish',        6,  true),
  (7,  'Tumis Sawi Putih & Ayam Woku',              'Stir-Fried Cabbage + Woku Chicken',            7,  true),
  (8,  'Tumis Pakcoi & Telur Balado',               'Stir-Fried Pakcoi + Balado Egg',               8,  true),
  (9,  'Tumis Buncis & Semur Tahu Kentang',         'Stir-Fried Bean + Braised Tofu-Potato',        9,  true),
  (10, 'Capcai & Ikan Tuna Pepes',                  'Capcai + Pepes Tuna',                          10, true)
on conflict (id) do update set
  name       = excluded.name,
  name_en    = excluded.name_en,
  cycle_day  = excluded.cycle_day,
  active     = excluded.active;

-- ---------- 4. Menu BOM tiered ------------------------------------------
-- grams_per_porsi dipakai fallback (= grams_sd46 sebagai baseline besar)
delete from public.menu_bom;
insert into public.menu_bom(menu_id, item_code, grams_per_porsi, grams_paud, grams_sd13, grams_sd46, grams_smp) values
  (1, 'Beras Putih',        70, 30, 50, 70, 110),
  (1, 'Ayam Tanpa Tulang', 100, 25, 25,100, 100),
  (1, 'Jagung Manis',        5,  5,  5,  5,   5),
  (1, 'Sawi Putih',         25, 25, 25, 25,  25),
  (1, 'Wortel',             20, 20, 20, 20,  20),
  (1, 'Bawang Bombay',       5,  5,  5,  5,   5),
  (1, 'Bawang Merah',        7,  7,  7,  7,   7),
  (1, 'Bawang Putih',        3,  3,  3,  3,   3),
  (1, 'Daun Jeruk',       0.25, 0.25,0.25,0.25,0.25),
  (1, 'Garam',               1,  1,  1,  1,   1),
  (1, 'Jahe',                1,  1,  1,  1,   1),
  (1, 'Kecap Manis',         5,  5,  5,  5,   5),
  (1, 'Merica',            0.2, 0.2, 0.2, 0.2, 0.2),
  (1, 'Minyak Goreng',      10, 10, 10, 10,  10),
  (1, 'Pisang',     150,100,100,150, 150),

  (2, 'Beras Putih',        70, 30, 50, 70, 110),
  (2, 'Telur Ayam',         60, 60, 60, 60,  60),
  (2, 'Buncis',             25, 25, 25, 25,  25),
  (2, 'Wortel',             20, 20, 20, 20,  20),
  (2, 'Bawang Merah',        7,  7,  7,  7,   7),
  (2, 'Bawang Putih',        3,  3,  3,  3,   3),
  (2, 'Cabai Merah',         2,  2,  2,  2,   2),
  (2, 'Daun Jeruk',       0.25, 0.25,0.25,0.25,0.25),
  (2, 'Garam',               1,  1,  1,  1,   1),
  (2, 'Lengkuas',            1,  1,  1,  1,   1),
  (2, 'Merica',            0.2, 0.2, 0.2, 0.2, 0.2),
  (2, 'Sereh',               2,  2,  2,  2,   2),
  (2, 'Tomat',              30, 30, 30, 30,  30),
  (2, 'Minyak Goreng',      10, 10, 10, 10,  10),
  (2, 'Pepaya',     150,100,100,150, 150),

  (3, 'Beras Putih',        70, 30, 50, 70, 110),
  (3, 'Ikan Tuna',         100, 25, 25,100, 100),
  (3, 'Jagung Manis',        5,  5,  5,  5,   5),
  (3, 'Labu Parang',        40, 40, 40, 40,  40),
  (3, 'Pakcoi',             25, 25, 25, 25,  25),
  (3, 'Bawang Merah',        7,  7,  7,  7,   7),
  (3, 'Bawang Putih',        3,  3,  3,  3,   3),
  (3, 'Cabai Merah',         2,  2,  2,  2,   2),
  (3, 'Daun Jeruk',       0.25, 0.25,0.25,0.25,0.25),
  (3, 'Garam',               1,  1,  1,  1,   1),
  (3, 'Lengkuas',            1,  1,  1,  1,   1),
  (3, 'Merica',            0.2, 0.2, 0.2, 0.2, 0.2),
  (3, 'Sereh',               2,  2,  2,  2,   2),
  (3, 'Tomat',              30, 30, 30, 30,  30),
  (3, 'Minyak Goreng',      10, 10, 10, 10,  10),
  (3, 'Melon',      150,100,100,150, 150),

  (4, 'Beras Putih',        70, 30, 50, 70, 110),
  (4, 'Ayam Tanpa Tulang', 100, 25, 25,100, 100),
  (4, 'Kacang Panjang',     25, 25, 25, 25,  25),
  (4, 'Wortel',             20, 20, 20, 20,  20),
  (4, 'Bawang Merah',        7,  7,  7,  7,   7),
  (4, 'Bawang Putih',        3,  3,  3,  3,   3),
  (4, 'Daun Jeruk',       0.25, 0.25,0.25,0.25,0.25),
  (4, 'Garam',               1,  1,  1,  1,   1),
  (4, 'Kemiri',              2,  2,  2,  2,   2),
  (4, 'Ketumbar',         0.25, 0.25,0.25,0.25,0.25),
  (4, 'Merica',            0.2, 0.2, 0.2, 0.2, 0.2),
  (4, 'Minyak Goreng',      10, 10, 10, 10,  10),
  (4, 'Pisang',     150,100,100,150, 150),

  (5, 'Beras Putih',        70, 30, 50, 70, 110),
  (5, 'Telur Ayam',         60, 60, 60, 60,  60),
  (5, 'Sawi Hijau',         25, 25, 25, 25,  25),
  (5, 'Wortel',             20, 20, 20, 20,  20),
  (5, 'Bawang Merah',        7,  7,  7,  7,   7),
  (5, 'Bawang Putih',        3,  3,  3,  3,   3),
  (5, 'Daun Bawang',         1,  1,  1,  1,   1),
  (5, 'Garam',               1,  1,  1,  1,   1),
  (5, 'Merica',            0.2, 0.2, 0.2, 0.2, 0.2),
  (5, 'Minyak Goreng',      10, 10, 10, 10,  10),
  (5, 'Pepaya',     150,100,100,150, 150),

  (6, 'Beras Putih',        70, 30, 50, 70, 110),
  (6, 'Ikan Tuna',         100, 25, 25,100, 100),
  (6, 'Buncis',             25, 25, 25, 25,  25),
  (6, 'Jagung Manis',        5,  5,  5,  5,   5),
  (6, 'Wortel',             20, 20, 20, 20,  20),
  (6, 'Bawang Merah',        7,  7,  7,  7,   7),
  (6, 'Bawang Putih',        3,  3,  3,  3,   3),
  (6, 'Cabai Merah',         1,  1,  1,  1,   1),
  (6, 'Garam',               1,  1,  1,  1,   1),
  (6, 'Ketumbar',         0.25, 0.25,0.25,0.25,0.25),
  (6, 'Merica',            0.2, 0.2, 0.2, 0.2, 0.2),
  (6, 'Sereh',               2,  2,  2,  2,   2),
  (6, 'Tomat',              35, 35, 35, 35,  35),
  (6, 'Minyak Goreng',      10, 10, 10, 10,  10),
  (6, 'Pisang',     150,100,100,150, 150),

  (7, 'Beras Putih',        70, 30, 50, 70, 110),
  (7, 'Ayam Tanpa Tulang', 100, 25, 25,100, 100),
  (7, 'Sawi Putih',         25, 25, 25, 25,  25),
  (7, 'Wortel',             20, 20, 20, 20,  20),
  (7, 'Bawang Merah',        7,  7,  7,  7,   7),
  (7, 'Bawang Putih',        3,  3,  3,  3,   3),
  (7, 'Cabai Merah',         1,  1,  1,  1,   1),
  (7, 'Daun Jeruk',       0.25, 0.25,0.25,0.25,0.25),
  (7, 'Daun Kemangi',        2,  2,  2,  2,   2),
  (7, 'Garam',               1,  1,  1,  1,   1),
  (7, 'Jahe',              0.5, 0.5, 0.5, 0.5, 0.5),
  (7, 'Kemiri',              1,  1,  1,  1,   1),
  (7, 'Kunyit',            0.5, 0.5, 0.5, 0.5, 0.5),
  (7, 'Merica',            0.2, 0.2, 0.2, 0.2, 0.2),
  (7, 'Sereh',               2,  2,  2,  2,   2),
  (7, 'Tomat',               2,  2,  2,  2,   2),
  (7, 'Minyak Goreng',      10, 10, 10, 10,  10),
  (7, 'Pepaya',     150,100,100,150, 150),

  (8, 'Beras Putih',        70, 30, 50, 70, 110),
  (8, 'Telur Ayam',         60, 60, 60, 60,  60),
  (8, 'Pakcoi',             25, 25, 25, 25,  25),
  (8, 'Wortel',             20, 20, 20, 20,  20),
  (8, 'Bawang Merah',        7,  7,  7,  7,   7),
  (8, 'Bawang Putih',        3,  3,  3,  3,   3),
  (8, 'Cabai Merah',         2,  2,  2,  2,   2),
  (8, 'Daun Jeruk',       0.25, 0.25,0.25,0.25,0.25),
  (8, 'Garam',               1,  1,  1,  1,   1),
  (8, 'Merica',            0.2, 0.2, 0.2, 0.2, 0.2),
  (8, 'Sereh',               2,  2,  2,  2,   2),
  (8, 'Tomat',              30, 30, 30, 30,  30),
  (8, 'Minyak Goreng',      10, 10, 10, 10,  10),
  (8, 'Semangka',   150,100,100,150, 150),

  (9, 'Beras Putih',        70, 30, 50, 70, 110),
  (9, 'Tahu',              100, 25, 25,100, 100),
  (9, 'Kentang',            20, 20, 20, 20,  20),
  (9, 'Buncis',             25, 25, 25, 25,  25),
  (9, 'Wortel',             20, 20, 20, 20,  20),
  (9, 'Bawang Bombay',       5,  5,  5,  5,   5),
  (9, 'Bawang Merah',        7,  7,  7,  7,   7),
  (9, 'Bawang Putih',        3,  3,  3,  3,   3),
  (9, 'Daun Jeruk',       0.25, 0.25,0.25,0.25,0.25),
  (9, 'Garam',               1,  1,  1,  1,   1),
  (9, 'Jahe',                1,  1,  1,  1,   1),
  (9, 'Kecap Manis',         5,  5,  5,  5,   5),
  (9, 'Merica',            0.2, 0.2, 0.2, 0.2, 0.2),
  (9, 'Minyak Goreng',      10, 10, 10, 10,  10),
  (9, 'Pisang',     150,100,100,150, 150),

  (10, 'Beras Putih',        70, 30, 50, 70, 110),
  (10, 'Ikan Tuna',         100, 25, 25,100, 100),
  (10, 'Sawi Hijau',         25, 25, 25, 25,  25),
  (10, 'Wortel',             20, 20, 20, 20,  20),
  (10, 'Bawang Merah',        7,  7,  7,  7,   7),
  (10, 'Bawang Putih',        3,  3,  3,  3,   3),
  (10, 'Cabai Merah',         2,  2,  2,  2,   2),
  (10, 'Daun Jeruk',       0.25, 0.25,0.25,0.25,0.25),
  (10, 'Daun Kemangi',        2,  2,  2,  2,   2),
  (10, 'Garam',               1,  1,  1,  1,   1),
  (10, 'Kemiri',              2,  2,  2,  2,   2),
  (10, 'Ketumbar',         0.25, 0.25,0.25,0.25,0.25),
  (10, 'Kunyit',            0.5, 0.5, 0.5, 0.5, 0.5),
  (10, 'Merica',            0.2, 0.2, 0.2, 0.2, 0.2),
  (10, 'Sereh',               2,  2,  2,  2,   2),
  (10, 'Minyak Goreng',      10, 10, 10, 10,  10),
  (10, 'Pepaya',     150,100,100,150, 150)
on conflict (menu_id, item_code) do update set
  grams_per_porsi = excluded.grams_per_porsi,
  grams_paud      = excluded.grams_paud,
  grams_sd13      = excluded.grams_sd13,
  grams_sd46      = excluded.grams_sd46,
  grams_smp       = excluded.grams_smp;

-- ---------- 5. Regenerate menu_assign 2026-05-04..2026-07-31 rotasi 10 -----
-- Hapus assign di rentang go-live yang diregenerasi (jaga custom override).
delete from public.menu_assign
 where assign_date between date '2026-05-04' and date '2026-07-31';

do $$
declare
  d date;
  m smallint := 1;
begin
  d := date '2026-05-04';
  while d < date '2026-07-31' loop
    if extract(dow from d) not in (0,6) then
      insert into public.menu_assign(assign_date, menu_id) values (d, m)
        on conflict (assign_date) do update set menu_id = excluded.menu_id;
      m := m + 1;
      if m > 10 then m := 1; end if;
    end if;
    d := d + 1;
  end loop;
end $$;

-- ---------- 6. porsi_counts_tiered --------------------------------------
-- 4 tier sesuai ADJUSTED Costing:
--   paud     : PAUD/TK students (3-5 th)
--   sd13     : SD kelas 1-3 (6-9 th)
--   sd46     : SD kelas 4-6 (10-12 th)
--   smp_plus : SMP + SMA + SMK students + seluruh guru (13-18 th +)
-- Attendance forecast tetap dipakai (ratio per-sekolah).
create or replace function public.porsi_counts_tiered(p_date date)
returns table(paud int, sd13 int, sd46 int, smp_plus int, total int, operasional boolean)
language plpgsql stable as $$
declare
  v_paud     int := 0;
  v_sd13     int := 0;
  v_sd46     int := 0;
  v_smp_plus int := 0;
  v_nonop    boolean := false;
begin
  select true into v_nonop from public.non_op_days where op_date = p_date;
  if coalesce(v_nonop, false) then
    return query select 0,0,0,0,0,false;
    return;
  end if;

  if extract(dow from p_date) in (0,6) then
    return query select 0,0,0,0,0,false;
    return;
  end if;

  with roster as (
    select
      s.id,
      s.level,
      s.students,
      s.kelas13,
      s.kelas46,
      s.guru,
      case
        when a.qty is null then 1.0
        when s.students <= 0 then 0.0
        else least(a.qty::numeric / nullif(s.students,0)::numeric, 1.0)
      end as ratio
    from public.schools s
    left join public.school_attendance a
      on a.school_id = s.id and a.att_date = p_date
    where s.active = true
  )
  select
    coalesce(sum(case when level = 'PAUD/TK' then round(students * ratio) else 0 end), 0)::int,
    coalesce(sum(case when level = 'SD' then round(kelas13 * ratio) else 0 end), 0)::int,
    coalesce(sum(case when level = 'SD' then round(kelas46 * ratio) else 0 end), 0)::int,
    coalesce(sum(case when level in ('SMP','SMA','SMK') then round(students * ratio) else 0 end), 0)::int
      + coalesce(sum(round(guru * ratio)), 0)::int
  into v_paud, v_sd13, v_sd46, v_smp_plus
  from roster;

  return query select
    v_paud, v_sd13, v_sd46, v_smp_plus,
    (v_paud + v_sd13 + v_sd46 + v_smp_plus),
    true;
end; $$;

grant execute on function public.porsi_counts_tiered(date) to authenticated;

-- ---------- 7. Patch requirement_for_date untuk tiered -------------------
-- Pakai tier kalau ada gramasi tier > 0, fallback grams_per_porsi * porsi_effective.
create or replace function public.requirement_for_date(p_date date)
returns table(item_code text, qty numeric, unit text, category public.item_category, price_idr numeric)
language plpgsql stable as $$
declare
  v_menu smallint;
  v_tier record;
begin
  -- Custom menu: tetap pakai fallback 100g/porsi (tidak tiered)
  if exists (select 1 from public.custom_menus where menu_date = p_date) then
    declare v_eff numeric := public.porsi_effective(p_date);
    begin
      if v_eff <= 0 then return; end if;
      return query
        select
          it.code as item_code,
          (100.0 * v_eff / 1000.0)::numeric as qty,
          it.unit,
          it.category,
          it.price_idr
        from public.custom_menus cm,
             jsonb_array_elements_text(cm.karbo || cm.protein || cm.sayur || cm.buah) as elem(val)
             join public.items it on it.code = elem.val
        where cm.menu_date = p_date;
      return;
    end;
  end if;

  select menu_id into v_menu from public.menu_assign where assign_date = p_date;
  if v_menu is null then return; end if;

  select paud, sd13, sd46, smp_plus, operasional
    into v_tier from public.porsi_counts_tiered(p_date);
  if not coalesce(v_tier.operasional, false) then return; end if;

  return query
    select
      b.item_code,
      (
        case
          when (coalesce(b.grams_paud,0) + coalesce(b.grams_sd13,0)
              + coalesce(b.grams_sd46,0) + coalesce(b.grams_smp,0)) > 0 then
            (coalesce(b.grams_paud,0) * v_tier.paud
           + coalesce(b.grams_sd13,0) * v_tier.sd13
           + coalesce(b.grams_sd46,0) * v_tier.sd46
           + coalesce(b.grams_smp,0)  * v_tier.smp_plus) / 1000.0
          else
            b.grams_per_porsi * public.porsi_effective(p_date) / 1000.0
        end
      )::numeric as qty,
      it.unit,
      it.category,
      it.price_idr
    from public.menu_bom b
    join public.items it on it.code = b.item_code
    where b.menu_id = v_menu;
end; $$;

-- ---------- 8. Patch monthly_requirements tiered -------------------------
create or replace function public.monthly_requirements(
  p_start date,
  p_months int default 4
)
returns table(
  item_code text,
  month date,
  qty_kg numeric
)
language plpgsql stable as $$
declare
  v_end date;
begin
  v_end := (p_start + (p_months || ' months')::interval - interval '1 day')::date;

  return query
  with days as (
    select generate_series(p_start, v_end, interval '1 day')::date as op_date
  ),
  ops as (
    select
      d.op_date,
      date_trunc('month', d.op_date)::date as month
    from days d
    where extract(isodow from d.op_date) between 1 and 5
      and not exists (
        select 1 from public.non_op_days n where n.op_date = d.op_date
      )
  ),
  daily as (
    select
      o.op_date,
      o.month,
      ma.menu_id,
      pct.paud     as p_paud,
      pct.sd13     as p_sd13,
      pct.sd46     as p_sd46,
      pct.smp_plus as p_smp,
      public.porsi_effective(o.op_date) as p_eff
    from ops o
    join public.menu_assign ma on ma.assign_date = o.op_date
    cross join lateral public.porsi_counts_tiered(o.op_date) pct
    where pct.operasional = true
  )
  select
    b.item_code,
    d.month,
    round(
      sum(
        case
          when (coalesce(b.grams_paud,0) + coalesce(b.grams_sd13,0)
              + coalesce(b.grams_sd46,0) + coalesce(b.grams_smp,0)) > 0 then
            (coalesce(b.grams_paud,0) * d.p_paud
           + coalesce(b.grams_sd13,0) * d.p_sd13
           + coalesce(b.grams_sd46,0) * d.p_sd46
           + coalesce(b.grams_smp,0)  * d.p_smp) / 1000.0
          else
            b.grams_per_porsi * d.p_eff / 1000.0
        end
      ), 3
    ) as qty_kg
  from daily d
  join public.menu_bom b on b.menu_id = d.menu_id
  group by b.item_code, d.month
  order by d.month, qty_kg desc;
end; $$;

grant execute on function public.monthly_requirements(date, int) to authenticated;
grant execute on function public.requirement_for_date(date) to authenticated;


-- >>> 0013_bom_variance.sql =================================================
-- ============================================================================
-- 0013 · BOM Variance (plan vs actual)
-- Bandingkan kebutuhan bahan baku RENCANA (dari BOM × porsi tiered) vs
-- REALISASI (dari GRN receipts via stock_moves) dalam periode tertentu.
-- Threshold default ±10% → flag OVER/UNDER/OK.
-- ============================================================================

-- ---------- bom_variance(p_start, p_end) --------------------------------------
-- Per item: plan (kg), actual (kg), variance, % , flag.
create or replace function public.bom_variance(
  p_start date,
  p_end   date,
  p_threshold_pct numeric default 10.0
)
returns table(
  item_code text,
  name_en text,
  unit text,
  category public.item_category,
  plan_kg numeric,
  actual_kg numeric,
  variance_kg numeric,
  variance_pct numeric,
  flag text
) language plpgsql stable as $$
begin
  return query
  with
  -- Plan: iterate setiap hari dalam periode, hitung kebutuhan tiered.
  dates as (
    select d::date as op_date
    from generate_series(p_start, p_end, interval '1 day') as d
  ),
  day_counts as (
    select d.op_date,
           (public.porsi_counts_tiered(d.op_date)).*
    from dates d
  ),
  day_menu as (
    select dc.op_date, dc.paud, dc.sd13, dc.sd46, dc.smp_plus, dc.operasional,
           ma.menu_id
    from day_counts dc
    left join public.menu_assign ma on ma.op_date = dc.op_date
    where dc.operasional = true
  ),
  plan_per_item as (
    select
      b.item_code,
      sum(
        case
          when (coalesce(b.grams_paud,0) + coalesce(b.grams_sd13,0)
              + coalesce(b.grams_sd46,0) + coalesce(b.grams_smp,0)) > 0 then
            ( coalesce(b.grams_paud,0)*dm.paud
            + coalesce(b.grams_sd13,0)*dm.sd13
            + coalesce(b.grams_sd46,0)*dm.sd46
            + coalesce(b.grams_smp,0)*dm.smp_plus
            ) / 1000.0
          else
            coalesce(b.grams_per_porsi,0)
              * (dm.paud + dm.sd13 + dm.sd46 + dm.smp_plus) / 1000.0
        end
      ) as plan_kg
    from day_menu dm
    join public.menu_bom b on b.menu_id = dm.menu_id
    group by b.item_code
  ),
  -- Actual: GRN yg status ok/partial dalam periode, via po_rows → item.
  actual_per_item as (
    select pr.item_code,
           sum(pr.qty) as actual_kg
    from public.grns g
    join public.po_rows pr on pr.po_no = g.po_no
    where g.grn_date between p_start and p_end
      and g.status in ('ok','partial')
    group by pr.item_code
  )
  select
    i.code as item_code,
    i.name_en,
    i.unit,
    i.category,
    coalesce(p.plan_kg,   0)::numeric(14,3) as plan_kg,
    coalesce(a.actual_kg, 0)::numeric(14,3) as actual_kg,
    (coalesce(a.actual_kg,0) - coalesce(p.plan_kg,0))::numeric(14,3) as variance_kg,
    case
      when coalesce(p.plan_kg,0) <= 0 then null
      else ((coalesce(a.actual_kg,0) - p.plan_kg) / p.plan_kg * 100.0)::numeric(7,2)
    end as variance_pct,
    case
      when coalesce(p.plan_kg,0) <= 0 and coalesce(a.actual_kg,0) > 0 then 'OVER'
      when coalesce(p.plan_kg,0) <= 0 and coalesce(a.actual_kg,0) = 0 then 'OK'
      when abs((coalesce(a.actual_kg,0) - p.plan_kg) / nullif(p.plan_kg,0) * 100.0)
           <= p_threshold_pct then 'OK'
      when (coalesce(a.actual_kg,0) - p.plan_kg) > 0 then 'OVER'
      else 'UNDER'
    end as flag
  from public.items i
  left join plan_per_item   p on p.item_code = i.code
  left join actual_per_item a on a.item_code = i.code
  where coalesce(p.plan_kg,0) > 0 or coalesce(a.actual_kg,0) > 0
  order by
    case
      when coalesce(p.plan_kg,0) <= 0 then 3
      when abs((coalesce(a.actual_kg,0) - p.plan_kg) / nullif(p.plan_kg,0) * 100.0)
           > p_threshold_pct then 1
      else 2
    end,
    i.code;
end; $$;

-- ---------- bom_variance_summary(p_start, p_end) ------------------------------
-- KPI kompak utk header card.
create or replace function public.bom_variance_summary(
  p_start date,
  p_end   date,
  p_threshold_pct numeric default 10.0
)
returns table(
  total_items int,
  over_cnt int,
  under_cnt int,
  ok_cnt int,
  total_plan_kg numeric,
  total_actual_kg numeric,
  total_variance_kg numeric,
  total_variance_pct numeric
) language plpgsql stable as $$
begin
  return query
  with v as (
    select * from public.bom_variance(p_start, p_end, p_threshold_pct)
  )
  select
    count(*)::int,
    count(*) filter (where flag = 'OVER')::int,
    count(*) filter (where flag = 'UNDER')::int,
    count(*) filter (where flag = 'OK')::int,
    sum(plan_kg)::numeric(14,3),
    sum(actual_kg)::numeric(14,3),
    (sum(actual_kg) - sum(plan_kg))::numeric(14,3),
    case
      when sum(plan_kg) <= 0 then null
      else ((sum(actual_kg) - sum(plan_kg)) / sum(plan_kg) * 100.0)::numeric(7,2)
    end
  from v;
end; $$;

-- ---------- bom_variance_by_menu(p_start, p_end) -----------------------------
-- Per menu: total plan kg & breakdown cost (pakai items.price_idr fallback).
create or replace function public.bom_variance_by_menu(
  p_start date,
  p_end   date
)
returns table(
  menu_id int,
  menu_name text,
  days_served int,
  plan_porsi int,
  plan_kg_total numeric,
  plan_cost_idr numeric
) language plpgsql stable as $$
begin
  return query
  with
  dates as (
    select d::date as op_date
    from generate_series(p_start, p_end, interval '1 day') as d
  ),
  day_counts as (
    select d.op_date,
           (public.porsi_counts_tiered(d.op_date)).*
    from dates d
  ),
  day_menu as (
    select dc.op_date, dc.paud, dc.sd13, dc.sd46, dc.smp_plus,
           dc.total as porsi_total, dc.operasional,
           ma.menu_id
    from day_counts dc
    left join public.menu_assign ma on ma.op_date = dc.op_date
    where dc.operasional = true
      and ma.menu_id is not null
  ),
  per_menu_day as (
    select dm.menu_id, dm.op_date, dm.porsi_total,
      sum(
        case
          when (coalesce(b.grams_paud,0) + coalesce(b.grams_sd13,0)
              + coalesce(b.grams_sd46,0) + coalesce(b.grams_smp,0)) > 0 then
            ( coalesce(b.grams_paud,0)*dm.paud
            + coalesce(b.grams_sd13,0)*dm.sd13
            + coalesce(b.grams_sd46,0)*dm.sd46
            + coalesce(b.grams_smp,0)*dm.smp_plus
            ) / 1000.0
          else
            coalesce(b.grams_per_porsi,0)
              * (dm.paud + dm.sd13 + dm.sd46 + dm.smp_plus) / 1000.0
        end
      ) as kg_total,
      sum(
        case
          when (coalesce(b.grams_paud,0) + coalesce(b.grams_sd13,0)
              + coalesce(b.grams_sd46,0) + coalesce(b.grams_smp,0)) > 0 then
            ( coalesce(b.grams_paud,0)*dm.paud
            + coalesce(b.grams_sd13,0)*dm.sd13
            + coalesce(b.grams_sd46,0)*dm.sd46
            + coalesce(b.grams_smp,0)*dm.smp_plus
            ) / 1000.0 * coalesce(i.price_idr,0)
          else
            coalesce(b.grams_per_porsi,0)
              * (dm.paud + dm.sd13 + dm.sd46 + dm.smp_plus) / 1000.0
              * coalesce(i.price_idr,0)
        end
      ) as cost_idr
    from day_menu dm
    join public.menu_bom b on b.menu_id = dm.menu_id
    join public.items   i on i.code = b.item_code
    group by dm.menu_id, dm.op_date, dm.porsi_total
  )
  select
    m.id as menu_id,
    m.name as menu_name,
    count(pmd.op_date)::int as days_served,
    coalesce(sum(pmd.porsi_total),0)::int as plan_porsi,
    coalesce(sum(pmd.kg_total),0)::numeric(14,3) as plan_kg_total,
    coalesce(sum(pmd.cost_idr),0)::numeric(16,2) as plan_cost_idr
  from public.menus m
  left join per_menu_day pmd on pmd.menu_id = m.id
  where m.active = true
  group by m.id, m.name
  order by m.id;
end; $$;

-- ---------- Grants -----------------------------------------------------------
grant execute on function public.bom_variance(date, date, numeric) to anon, authenticated;
grant execute on function public.bom_variance_summary(date, date, numeric) to anon, authenticated;
grant execute on function public.bom_variance_by_menu(date, date) to anon, authenticated;


-- >>> 0014_supplier_reval.sql ===============================================
-- ============================================================================
-- 0014 · Supplier Re-Evaluasi (periodic scorecard)
-- Re-evaluation berkala (quarterly/semester) berbasis 5 dimensi:
--   1. Quality      (QC pass rate dari grn_qc_checks)
--   2. Delivery     (on-time GRN: grn_date vs PO created_at + target)
--   3. Price        (variance vs reference items.price_idr)
--   4. Compliance   (certs masih berlaku, NCR open critical)
--   5. Responsiveness (action tracker: overdue vs on-time)
-- Skor 0-100 per dimensi, bobot default 30/25/20/15/10.
-- ============================================================================

do $$ begin
  create type public.reval_period as enum (
  'quarterly','semester','annual','ad_hoc'
  );
exception when duplicate_object then null;
end $$;

create table if not exists public.supplier_reval (
  id bigserial primary key,
  supplier_id text not null references public.suppliers(id) on delete cascade,
  period public.reval_period not null default 'quarterly',
  period_start date not null,
  period_end date not null,
  quality_score numeric(5,2) not null default 0 check (quality_score between 0 and 100),
  delivery_score numeric(5,2) not null default 0 check (delivery_score between 0 and 100),
  price_score numeric(5,2) not null default 0 check (price_score between 0 and 100),
  compliance_score numeric(5,2) not null default 0 check (compliance_score between 0 and 100),
  responsiveness_score numeric(5,2) not null default 0 check (responsiveness_score between 0 and 100),
  w_quality numeric(4,3) not null default 0.30,
  w_delivery numeric(4,3) not null default 0.25,
  w_price numeric(4,3) not null default 0.20,
  w_compliance numeric(4,3) not null default 0.15,
  w_responsiveness numeric(4,3) not null default 0.10,
  total_score numeric(5,2) generated always as (
    quality_score      * w_quality
    + delivery_score   * w_delivery
    + price_score      * w_price
    + compliance_score * w_compliance
    + responsiveness_score * w_responsiveness
  ) stored,
  recommendation text,              -- 'RETAIN' | 'IMPROVE' | 'REPLACE' | 'EXIT'
  notes text,
  evaluator uuid references auth.users(id),
  evaluated_at timestamptz not null default now(),
  unique (supplier_id, period_start, period_end)
);

create index if not exists idx_reval_supplier on public.supplier_reval(supplier_id, period_end desc);

alter table public.supplier_reval enable row level security;

drop policy if exists "reval: auth read" on public.supplier_reval;
drop policy if exists "reval: auth read" on public.supplier_reval;
create policy "reval: auth read" on public.supplier_reval
  for select using (auth.uid() is not null);

drop policy if exists "reval: admin write" on public.supplier_reval;
drop policy if exists "reval: admin write" on public.supplier_reval;
create policy "reval: admin write" on public.supplier_reval
  for all
  using (public.current_role() in ('admin','operator'))
  with check (public.current_role() in ('admin','operator'));

-- ----------------------------------------------------------------------------
-- scorecard_auto(p_supplier_id, p_start, p_end)
-- Hitung 5 skor otomatis dari data operasional dalam periode.
-- ----------------------------------------------------------------------------
create or replace function public.supplier_scorecard_auto(
  p_supplier_id text,
  p_start date,
  p_end date
)
returns table(
  quality_score numeric,
  delivery_score numeric,
  price_score numeric,
  compliance_score numeric,
  responsiveness_score numeric,
  total_score numeric,
  grn_count int,
  qc_pass int,
  qc_fail int,
  ncr_critical_open int,
  actions_overdue int,
  actions_total int
) language plpgsql stable as $$
declare
  v_quality numeric := 0;
  v_delivery numeric := 0;
  v_price numeric := 0;
  v_compliance numeric := 0;
  v_responsiveness numeric := 0;

  v_grn_cnt int := 0;
  v_qc_pass int := 0;
  v_qc_fail int := 0;
  v_ncr_crit int := 0;
  v_act_overdue int := 0;
  v_act_total int := 0;

  v_expired_certs int := 0;
  v_on_time_cnt int := 0;
  v_late_cnt int := 0;
  v_price_dev numeric := 0;
  v_price_items int := 0;
begin
  -- === 1. Quality: QC pass rate ===
  with grn_ids as (
    select g.no, g.status
    from public.grns g
    join public.purchase_orders po on po.no = g.po_no
    where po.supplier_id = p_supplier_id
      and g.grn_date between p_start and p_end
  ),
  qc_rollup as (
    select
      coalesce(sum(case when qc.result = 'pass' then 1 else 0 end), 0) as pass_cnt,
      coalesce(sum(case when qc.result in ('minor','major','critical') then 1 else 0 end), 0) as fail_cnt
    from grn_ids g
    left join public.grn_qc_checks qc on qc.grn_no = g.no
  )
  select pass_cnt, fail_cnt, (select count(*) from grn_ids)
    into v_qc_pass, v_qc_fail, v_grn_cnt
    from qc_rollup;

  if (v_qc_pass + v_qc_fail) = 0 then
    v_quality := 80;  -- neutral default (no data yet)
  else
    v_quality := round(100.0 * v_qc_pass / (v_qc_pass + v_qc_fail), 2);
  end if;

  -- === 2. Delivery: on-time GRN (grn_date within 3 days of PO + lead_time_days) ===
  -- Approximation: GRN status='ok' count as on-time, 'partial' 70%, 'rejected' 0.
  select
    count(*) filter (where g.status = 'ok'),
    count(*) filter (where g.status in ('partial','rejected'))
    into v_on_time_cnt, v_late_cnt
    from public.grns g
    join public.purchase_orders po on po.no = g.po_no
    where po.supplier_id = p_supplier_id
      and g.grn_date between p_start and p_end;

  if (v_on_time_cnt + v_late_cnt) = 0 then
    v_delivery := 80;
  else
    v_delivery := round(
      100.0 * (v_on_time_cnt + 0.5 * v_late_cnt)
      / (v_on_time_cnt + v_late_cnt),
      2
    );
  end if;

  -- === 3. Price: variance vs reference items.price_idr ===
  -- 100% = persis sama dgn reference; setiap ±1% deviasi -2 poin.
  with prices as (
    select pr.item_code,
           avg(pr.price) as avg_price,
           i.price_idr as ref_price
    from public.po_rows pr
    join public.purchase_orders po on po.no = pr.po_no
    join public.items i on i.code = pr.item_code
    where po.supplier_id = p_supplier_id
      and po.created_at::date between p_start and p_end
      and i.price_idr is not null and i.price_idr > 0
    group by pr.item_code, i.price_idr
  )
  select
    coalesce(avg(abs(avg_price - ref_price) / ref_price * 100), 0),
    count(*)
    into v_price_dev, v_price_items
    from prices;

  if v_price_items = 0 then
    v_price := 80;
  else
    v_price := greatest(0, round(100 - v_price_dev * 2, 2));
  end if;

  -- === 4. Compliance: certs valid & NCR critical open ===
  select count(*) into v_expired_certs
    from public.supplier_certs
    where supplier_id = p_supplier_id
      and (valid_until is null or valid_until < p_end);

  select count(*) into v_ncr_crit
    from public.non_conformance_log
    where supplier_id = p_supplier_id
      and severity = 'critical'
      and status in ('open','in_progress')
      and reported_at::date between p_start and p_end;

  v_compliance := greatest(
    0,
    100 - (v_expired_certs * 15) - (v_ncr_crit * 25)
  );

  -- === 5. Responsiveness: action tracker overdue ratio ===
  select
    count(*) filter (where status = 'done' and target_date is not null and done_at::date <= target_date),
    count(*) filter (where status in ('open','in_progress') and target_date < current_date),
    count(*)
    into v_on_time_cnt, v_act_overdue, v_act_total
    from public.supplier_actions
    where supplier_id = p_supplier_id;

  if v_act_total = 0 then
    v_responsiveness := 80;
  else
    v_responsiveness := greatest(
      0,
      round(100.0 - (v_act_overdue::numeric / v_act_total * 100), 2)
    );
  end if;

  return query
  select
    v_quality::numeric(5,2),
    v_delivery::numeric(5,2),
    v_price::numeric(5,2),
    v_compliance::numeric(5,2),
    v_responsiveness::numeric(5,2),
    (v_quality * 0.30 + v_delivery * 0.25 + v_price * 0.20
      + v_compliance * 0.15 + v_responsiveness * 0.10)::numeric(5,2),
    v_grn_cnt,
    v_qc_pass,
    v_qc_fail,
    v_ncr_crit,
    v_act_overdue,
    v_act_total;
end; $$;

-- ----------------------------------------------------------------------------
-- save_supplier_reval: wrapper untuk compute + insert 1 row
-- ----------------------------------------------------------------------------
create or replace function public.save_supplier_reval(
  p_supplier_id text,
  p_period public.reval_period,
  p_start date,
  p_end date,
  p_recommendation text default null,
  p_notes text default null
)
returns bigint language plpgsql as $$
declare
  v_row record;
  v_id bigint;
begin
  select * into v_row
    from public.supplier_scorecard_auto(p_supplier_id, p_start, p_end);

  insert into public.supplier_reval(
    supplier_id, period, period_start, period_end,
    quality_score, delivery_score, price_score,
    compliance_score, responsiveness_score,
    recommendation, notes, evaluator
  ) values (
    p_supplier_id, p_period, p_start, p_end,
    v_row.quality_score, v_row.delivery_score, v_row.price_score,
    v_row.compliance_score, v_row.responsiveness_score,
    p_recommendation, p_notes, auth.uid()
  )
  on conflict (supplier_id, period_start, period_end)
    do update set
      quality_score = excluded.quality_score,
      delivery_score = excluded.delivery_score,
      price_score = excluded.price_score,
      compliance_score = excluded.compliance_score,
      responsiveness_score = excluded.responsiveness_score,
      recommendation = excluded.recommendation,
      notes = excluded.notes,
      evaluator = auth.uid(),
      evaluated_at = now()
  returning id into v_id;

  -- Sync score on main suppliers row
  update public.suppliers
    set score = v_row.total_score
    where id = p_supplier_id;

  return v_id;
end; $$;

-- ----------------------------------------------------------------------------
-- list_supplier_reval: list historis per supplier
-- ----------------------------------------------------------------------------
create or replace function public.list_supplier_reval(p_supplier_id text)
returns setof public.supplier_reval
language sql stable as $$
  select * from public.supplier_reval
   where supplier_id = p_supplier_id
   order by period_end desc;
$$;

grant execute on function public.supplier_scorecard_auto(text, date, date) to anon, authenticated;
grant execute on function public.save_supplier_reval(text, public.reval_period, date, date, text, text) to authenticated;
grant execute on function public.list_supplier_reval(text) to anon, authenticated;

-- ----------------------------------------------------------------------------
-- Visual QC Gallery RPC: aggregate photo_url dari grn_qc_checks + NCR
-- ----------------------------------------------------------------------------
create or replace function public.supplier_qc_gallery(
  p_supplier_id text,
  p_limit int default 50
)
returns table(
  source text,          -- 'qc' | 'ncr'
  ref_id text,          -- grn_no atau ncr_no
  item_code text,
  result text,          -- pass/minor/major/critical OR severity
  note text,
  photo_url text,
  captured_at timestamptz
) language sql stable as $$
  (
    select
      'qc'::text as source,
      qc.grn_no::text as ref_id,
      qc.item_code,
      qc.result::text as result,
      qc.note,
      qc.photo_url,
      qc.checked_at as captured_at
    from public.grn_qc_checks qc
    join public.grns g on g.no = qc.grn_no
    join public.purchase_orders po on po.no = g.po_no
    where po.supplier_id = p_supplier_id
      and qc.photo_url is not null
  )
  union all
  (
    select
      'ncr'::text as source,
      ncr.ncr_no::text as ref_id,
      ncr.item_code,
      ncr.severity::text as result,
      ncr.issue as note,
      ncr.photo_url,
      ncr.reported_at as captured_at
    from public.non_conformance_log ncr
    where ncr.supplier_id = p_supplier_id
      and ncr.photo_url is not null
  )
  order by captured_at desc
  limit p_limit;
$$;

grant execute on function public.supplier_qc_gallery(text, int) to anon, authenticated;


-- >>> 0015_sop_runs.sql =====================================================
-- =============================================================================
-- 0015_sop_runs.sql · SOP execution / compliance log
-- -----------------------------------------------------------------------------
-- Setiap kali operator / ahli gizi menjalankan sebuah SOP di lapangan, sistem
-- mencatat eksekusi tersebut ke `sop_runs`: checklist yang dicentang, risiko
-- yang diamati, catatan evaluator. Ini menjadi audit trail compliance kerja.
--
-- Tabel ini bersifat append-only (tidak ada UPDATE / DELETE via RLS) agar
-- histori eksekusi tidak bisa direvisi setelah fakta.
-- =============================================================================

create table if not exists public.sop_runs (
  id            bigint generated always as identity primary key,
  sop_id        text   not null,        -- e.g. "SOP-OP-01"
  sop_title     text   not null,        -- denormalised untuk resilience saat
                                        -- master sops.ts berubah
  sop_category  text   not null,        -- "OPERASIONAL" | "HIGIENE"
  run_date      date   not null default current_date,
  steps_checked int    not null default 0
                check (steps_checked >= 0),
  steps_total   int    not null default 0
                check (steps_total >= 0),
  risks_flagged text[] not null default '{}',
  notes         text,
  evaluator     text,                    -- nama lengkap operator (cache)
  created_by    uuid   references auth.users(id),
  created_at    timestamptz not null default now()
);

create index if not exists sop_runs_sop_idx  on public.sop_runs (sop_id);
create index if not exists sop_runs_date_idx on public.sop_runs (run_date desc);

alter table public.sop_runs enable row level security;

drop policy if exists "sop_runs: auth read"   on public.sop_runs;
drop policy if exists "sop_runs: role insert" on public.sop_runs;

drop policy if exists "sop_runs: auth read" on public.sop_runs;
create policy "sop_runs: auth read" on public.sop_runs
  for select using (auth.uid() is not null);

drop policy if exists "sop_runs: role insert" on public.sop_runs;
create policy "sop_runs: role insert" on public.sop_runs
  for insert
  with check (public.current_role() in ('admin', 'operator', 'ahli_gizi'));

-- =============================================================================
-- RPC: log_sop_run — catat eksekusi SOP dari client dengan validasi ringan.
-- Mengembalikan id baris yang baru dibuat.
-- =============================================================================
create or replace function public.log_sop_run(
  p_sop_id        text,
  p_sop_title     text,
  p_sop_category  text,
  p_steps_checked int,
  p_steps_total   int,
  p_risks_flagged text[],
  p_notes         text default null,
  p_run_date      date default null
)
returns bigint
language plpgsql
security definer
set search_path = public
as $$
declare
  v_role text := public.current_role();
  v_id bigint;
  v_eval text;
begin
  if v_role not in ('admin', 'operator', 'ahli_gizi') then
    raise exception 'Hanya admin/operator/ahli_gizi yang boleh mencatat eksekusi SOP.';
  end if;
  if p_sop_id is null or length(trim(p_sop_id)) = 0 then
    raise exception 'sop_id wajib diisi.';
  end if;
  if p_steps_checked > p_steps_total then
    raise exception 'steps_checked (%) tidak boleh melebihi steps_total (%).',
      p_steps_checked, p_steps_total;
  end if;

  select full_name into v_eval
    from public.profiles
    where user_id = auth.uid();

  insert into public.sop_runs(
    sop_id, sop_title, sop_category,
    run_date, steps_checked, steps_total, risks_flagged, notes,
    evaluator, created_by
  ) values (
    p_sop_id, p_sop_title, p_sop_category,
    coalesce(p_run_date, current_date),
    coalesce(p_steps_checked, 0),
    coalesce(p_steps_total, 0),
    coalesce(p_risks_flagged, '{}'::text[]),
    nullif(trim(coalesce(p_notes, '')), ''),
    v_eval, auth.uid()
  ) returning id into v_id;

  return v_id;
end;
$$;

grant execute on function public.log_sop_run(
  text, text, text, int, int, text[], text, date
) to authenticated;

-- =============================================================================
-- RPC: list_sop_runs — ambil riwayat eksekusi (opsional filter sop_id).
-- =============================================================================
create or replace function public.list_sop_runs(
  p_sop_id text default null,
  p_limit  int  default 25
)
returns table (
  id            bigint,
  sop_id        text,
  sop_title     text,
  sop_category  text,
  run_date      date,
  steps_checked int,
  steps_total   int,
  risks_flagged text[],
  notes         text,
  evaluator     text,
  created_at    timestamptz
)
language sql
security definer
set search_path = public
stable
as $$
  select r.id, r.sop_id, r.sop_title, r.sop_category,
         r.run_date, r.steps_checked, r.steps_total,
         r.risks_flagged, r.notes, r.evaluator, r.created_at
  from public.sop_runs r
  where p_sop_id is null or r.sop_id = p_sop_id
  order by r.created_at desc
  limit greatest(1, least(coalesce(p_limit, 25), 200));
$$;

grant execute on function public.list_sop_runs(text, int) to authenticated;

-- =============================================================================
-- RPC: sop_compliance_summary — agregasi per SOP dalam rentang tanggal.
-- =============================================================================
create or replace function public.sop_compliance_summary(
  p_start date default null,
  p_end   date default null
)
returns table (
  sop_id           text,
  sop_title        text,
  sop_category     text,
  run_count        int,
  last_run         timestamptz,
  avg_completion   numeric,        -- rata-rata persentase langkah dicentang
  total_risks      int              -- total flag risiko
)
language sql
security definer
set search_path = public
stable
as $$
  with scoped as (
    select *
    from public.sop_runs r
    where (p_start is null or r.run_date >= p_start)
      and (p_end   is null or r.run_date <= p_end)
  )
  select
    sop_id,
    max(sop_title)    as sop_title,
    max(sop_category) as sop_category,
    count(*)::int     as run_count,
    max(created_at)   as last_run,
    round(avg(
      case when steps_total > 0
           then (steps_checked::numeric / steps_total) * 100
           else 0 end
    ), 1) as avg_completion,
    sum(coalesce(array_length(risks_flagged, 1), 0))::int as total_risks
  from scoped
  group by sop_id
  order by max(created_at) desc nulls last;
$$;

grant execute on function public.sop_compliance_summary(date, date) to authenticated;


-- >>> 0016_rls_helpers_security_definer.sql =================================
-- =============================================================================
-- 0016 · Fix RLS recursion → "stack depth limit exceeded"
-- -----------------------------------------------------------------------------
-- Problem: helper RLS (current_role, current_supplier_id, is_admin) query
-- public.profiles tanpa SECURITY DEFINER. Policy "profiles: admin all read"
-- memanggil is_admin() → current_role() → SELECT profiles → kembali evaluasi
-- policy → rekursi sampai max_stack_depth.
--
-- Fix: ubah 3 helper ke SECURITY DEFINER + lock search_path. Helper jadi
-- bypass RLS saat query profiles, memutus loop tanpa mengubah semantik
-- (function cuma baca role/supplier_id user aktif, bukan enforcement point).
--
-- Tambahan: trg_qt_rows_recalc diberi guard pg_trigger_depth() supaya UPDATE
-- quotations dari trigger tidak pernah fire chain trigger lain (defense in
-- depth, tidak strictly needed tapi murah).
-- =============================================================================

create or replace function public.current_role()
returns public.user_role
language sql
stable
security definer
set search_path = public
as $$
  select role from public.profiles where id = auth.uid() limit 1;
$$;

create or replace function public.current_supplier_id()
returns text
language sql
stable
security definer
set search_path = public
as $$
  select supplier_id from public.profiles where id = auth.uid() limit 1;
$$;

create or replace function public.is_admin()
returns boolean
language sql
stable
security definer
set search_path = public
as $$
  select coalesce(public.current_role() = 'admin', false);
$$;

-- Re-grant (SECURITY DEFINER tidak pengaruh EXECUTE grant, tapi memastikan).
grant execute on function public.current_role()        to authenticated, anon;
grant execute on function public.current_supplier_id() to authenticated, anon;
grant execute on function public.is_admin()            to authenticated, anon;

-- -----------------------------------------------------------------------------
-- Defense in depth: quotation total recalc trigger tidak perlu rekursif.
-- -----------------------------------------------------------------------------
create or replace function public.recalc_quotation_total()
returns trigger language plpgsql as $$
declare
  v_qt text;
  v_sum numeric(14,2);
begin
  if pg_trigger_depth() > 1 then
    return null;
  end if;
  v_qt := coalesce(new.qt_no, old.qt_no);
  select coalesce(sum(subtotal), 0) into v_sum
  from public.quotation_rows
  where qt_no = v_qt;
  update public.quotations set total = v_sum where no = v_qt;
  return null;
end; $$;


-- >>> 0017_purchase_requisitions.sql ========================================
-- =============================================================================
-- 0017 · Purchase Requisitions (PR) + Split-Allocation per Supplier
-- -----------------------------------------------------------------------------
-- Konsep: satu kebutuhan tanggal X bisa dipecah ke N supplier dengan qty
-- absolut (bukan %). PR jadi parent, alokasi per (item × supplier) jadi anak.
-- Generate N quotations (1 per supplier) sekali klik; operator manual
-- re-alokasi gap kalau supplier balasan-nya qty < planned.
--
-- Alur:
--   draft → (add allocations) → allocated → (generate_quotations)
--        → quotations_issued → (all quotations accepted/converted) → completed
-- =============================================================================

do $$ begin
  create type public.pr_status as enum (
  'draft',
  'allocated',
  'quotations_issued',
  'completed',
  'cancelled'
  );
exception when duplicate_object then null;
end $$;

create table if not exists public.purchase_requisitions (
  no text primary key,
  need_date date not null,
  status public.pr_status not null default 'draft',
  notes text,
  created_at timestamptz not null default now(),
  created_by uuid references auth.users(id)
);
create index if not exists idx_pr_need_date on public.purchase_requisitions(need_date);
create index if not exists idx_pr_status on public.purchase_requisitions(status);

create table if not exists public.pr_rows (
  pr_no text not null references public.purchase_requisitions(no) on delete cascade,
  line_no smallint not null,
  item_code text not null references public.items(code),
  qty_total numeric(12,3) not null,
  unit text not null,
  note text,
  primary key (pr_no, line_no)
);
create index if not exists idx_pr_rows_item on public.pr_rows(item_code);

create table if not exists public.pr_allocations (
  id bigserial primary key,
  pr_no text not null,
  line_no smallint not null,
  supplier_id text not null references public.suppliers(id),
  qty_planned numeric(12,3) not null check (qty_planned > 0),
  quotation_no text references public.quotations(no) on delete set null,
  note text,
  created_at timestamptz not null default now(),
  created_by uuid references auth.users(id),
  foreign key (pr_no, line_no)
    references public.pr_rows(pr_no, line_no) on delete cascade,
  unique (pr_no, line_no, supplier_id)
);
create index if not exists idx_pr_alloc_pr on public.pr_allocations(pr_no);
create index if not exists idx_pr_alloc_sup on public.pr_allocations(supplier_id);
create index if not exists idx_pr_alloc_qt on public.pr_allocations(quotation_no);

-- Link quotation ↔ PR (nullable: manual quotation tetap bisa ada)
alter table public.quotations
  add column if not exists pr_no text references public.purchase_requisitions(no);
create index if not exists idx_qt_pr on public.quotations(pr_no);

-- Auto-assign PR number (PR-YYYY-NNN)
create or replace function public.assign_pr_no()
returns trigger language plpgsql as $$
declare
  v_year text;
  v_seq int;
begin
  if new.no is null or new.no = '' then
    v_year := to_char(coalesce(new.created_at, now()), 'YYYY');
    select coalesce(max(
      nullif(regexp_replace(no, 'PR-' || v_year || '-', ''), '')::int
    ), 0) + 1
    into v_seq
    from public.purchase_requisitions
    where no like 'PR-' || v_year || '-%';
    new.no := 'PR-' || v_year || '-' || lpad(v_seq::text, 3, '0');
  end if;
  return new;
end; $$;

drop trigger if exists trg_pr_assign on public.purchase_requisitions;
drop trigger if exists trg_pr_assign on public.purchase_requisitions;
create trigger trg_pr_assign before insert on public.purchase_requisitions
  for each row execute function public.assign_pr_no();

-- =============================================================================
-- RLS
-- =============================================================================
alter table public.purchase_requisitions enable row level security;
alter table public.pr_rows               enable row level security;
alter table public.pr_allocations        enable row level security;

-- PR + rows: staff read, op/admin write. Supplier TIDAK baca PR langsung —
-- mereka baca lewat quotation yang sudah dispawn (RLS quotations sudah handle).
drop policy if exists "pr: staff read" on public.purchase_requisitions;
drop policy if exists "pr: staff read" on public.purchase_requisitions;
create policy "pr: staff read" on public.purchase_requisitions
  for select using (
    auth.uid() is not null
    and public.current_role() in ('admin','operator','ahli_gizi','viewer')
  );

drop policy if exists "pr: op/admin write" on public.purchase_requisitions;
drop policy if exists "pr: op/admin write" on public.purchase_requisitions;
create policy "pr: op/admin write" on public.purchase_requisitions
  for all using (public.current_role() in ('admin','operator'))
  with check (public.current_role() in ('admin','operator'));

drop policy if exists "pr_rows: staff read" on public.pr_rows;
drop policy if exists "pr_rows: staff read" on public.pr_rows;
create policy "pr_rows: staff read" on public.pr_rows
  for select using (
    auth.uid() is not null
    and public.current_role() in ('admin','operator','ahli_gizi','viewer')
  );

drop policy if exists "pr_rows: op/admin write" on public.pr_rows;
drop policy if exists "pr_rows: op/admin write" on public.pr_rows;
create policy "pr_rows: op/admin write" on public.pr_rows
  for all using (public.current_role() in ('admin','operator'))
  with check (public.current_role() in ('admin','operator'));

drop policy if exists "pr_alloc: staff read" on public.pr_allocations;
drop policy if exists "pr_alloc: staff read" on public.pr_allocations;
create policy "pr_alloc: staff read" on public.pr_allocations
  for select using (
    auth.uid() is not null
    and (
      public.current_role() in ('admin','operator','ahli_gizi','viewer')
      or (public.current_role() = 'supplier'
          and supplier_id = public.current_supplier_id())
    )
  );

drop policy if exists "pr_alloc: op/admin write" on public.pr_allocations;
drop policy if exists "pr_alloc: op/admin write" on public.pr_allocations;
create policy "pr_alloc: op/admin write" on public.pr_allocations
  for all using (public.current_role() in ('admin','operator'))
  with check (public.current_role() in ('admin','operator'));

-- =============================================================================
-- RPC 1 · Seed PR dari requirement_for_date
-- =============================================================================
create or replace function public.pr_seed_from_date(
  p_need_date date,
  p_notes text default null
)
returns text
language plpgsql
security definer
set search_path = public, auth
as $$
declare
  v_pr_no text;
  v_line smallint := 1;
  r record;
begin
  if public.current_role() not in ('admin','operator') then
    raise exception 'forbidden';
  end if;

  insert into public.purchase_requisitions(need_date, notes, status, created_by)
  values (p_need_date, p_notes, 'draft', auth.uid())
  returning no into v_pr_no;

  for r in
    select item_code, round(qty::numeric, 3) as qty, unit
    from public.requirement_for_date(p_need_date)
    where qty > 0
    order by item_code
  loop
    insert into public.pr_rows(pr_no, line_no, item_code, qty_total, unit)
    values (v_pr_no, v_line, r.item_code, r.qty, r.unit);
    v_line := v_line + 1;
  end loop;

  return v_pr_no;
end; $$;

grant execute on function public.pr_seed_from_date(date, text) to authenticated;

-- =============================================================================
-- RPC 2 · Generate quotations dari PR
-- Group allocations by supplier → 1 quotation per supplier (multi-line).
-- Harga saran: last PO price supplier+item → last PO any supplier → katalog.
-- Idempotent: hanya alokasi dengan quotation_no IS NULL yang dispawn.
-- =============================================================================
create or replace function public.pr_generate_quotations(p_pr_no text)
returns text[]
language plpgsql
security definer
set search_path = public, auth
as $$
declare
  v_pr record;
  v_qt_no text;
  v_line smallint;
  v_created text[] := '{}';
  v_sug numeric;
  r_sup record;
  r_alloc record;
begin
  if public.current_role() not in ('admin','operator') then
    raise exception 'forbidden';
  end if;

  select * into v_pr from public.purchase_requisitions where no = p_pr_no;
  if not found then raise exception 'PR % not found', p_pr_no; end if;

  for r_sup in
    select distinct supplier_id
    from public.pr_allocations
    where pr_no = p_pr_no and quotation_no is null
  loop
    insert into public.quotations(
      supplier_id, quote_date, valid_until, need_date, notes, status, pr_no, created_by
    )
    values (
      r_sup.supplier_id, current_date, current_date + 7, v_pr.need_date,
      'Dari ' || p_pr_no, 'draft', p_pr_no, auth.uid()
    )
    returning no into v_qt_no;

    v_line := 1;

    for r_alloc in
      select a.id, a.line_no, a.qty_planned, pr.item_code, pr.unit
      from public.pr_allocations a
      join public.pr_rows pr
        on pr.pr_no = a.pr_no and pr.line_no = a.line_no
      where a.pr_no = p_pr_no
        and a.supplier_id = r_sup.supplier_id
        and a.quotation_no is null
      order by a.line_no
    loop
      -- Price suggestion cascade
      select price into v_sug
      from public.po_rows prow
      join public.purchase_orders po on po.no = prow.po_no
      where prow.item_code = r_alloc.item_code
        and po.supplier_id = r_sup.supplier_id
      order by po.po_date desc
      limit 1;

      if v_sug is null then
        select price into v_sug
        from public.po_rows prow
        join public.purchase_orders po on po.no = prow.po_no
        where prow.item_code = r_alloc.item_code
        order by po.po_date desc
        limit 1;
      end if;

      if v_sug is null then
        select price_idr into v_sug from public.items where code = r_alloc.item_code;
      end if;

      insert into public.quotation_rows(
        qt_no, line_no, item_code, qty, unit, price_suggested
      )
      values (
        v_qt_no, v_line, r_alloc.item_code, r_alloc.qty_planned, r_alloc.unit, v_sug
      );

      update public.pr_allocations
        set quotation_no = v_qt_no
        where id = r_alloc.id;

      v_line := v_line + 1;
    end loop;

    v_created := v_created || v_qt_no;
  end loop;

  if array_length(v_created, 1) is not null then
    update public.purchase_requisitions
      set status = 'quotations_issued'
      where no = p_pr_no;
  end if;

  return v_created;
end; $$;

grant execute on function public.pr_generate_quotations(text) to authenticated;

-- =============================================================================
-- RPC 3 · Allocation summary per PR-line
-- qty_planned_sum = total alokasi operator
-- qty_quoted_sum  = total qty_quoted dari quotation aktif (responded/accepted/converted)
-- qty_po_sum      = total qty di PO hasil convert
-- gap             = qty_total − qty_planned_sum (tersisa untuk di-alokasi)
-- =============================================================================
create or replace function public.pr_allocation_summary(p_pr_no text)
returns table(
  line_no smallint,
  item_code text,
  unit text,
  qty_total numeric,
  qty_planned_sum numeric,
  qty_quoted_sum numeric,
  qty_po_sum numeric,
  gap numeric
)
language sql stable as $$
  with alloc_plan as (
    select line_no, sum(qty_planned) as s
    from public.pr_allocations
    where pr_no = p_pr_no
    group by line_no
  ),
  alloc_quoted as (
    select a.line_no, sum(coalesce(qr.qty_quoted, qr.qty)) as s
    from public.pr_allocations a
    join public.quotations q on q.no = a.quotation_no
    join public.pr_rows pr on pr.pr_no = a.pr_no and pr.line_no = a.line_no
    join public.quotation_rows qr
      on qr.qt_no = a.quotation_no and qr.item_code = pr.item_code
    where a.pr_no = p_pr_no
      and q.status in ('responded','accepted','converted')
    group by a.line_no
  ),
  alloc_po as (
    select a.line_no, sum(por.qty) as s
    from public.pr_allocations a
    join public.quotations q on q.no = a.quotation_no
    join public.purchase_orders po on po.no = q.converted_po_no
    join public.pr_rows pr on pr.pr_no = a.pr_no and pr.line_no = a.line_no
    join public.po_rows por on por.po_no = po.no and por.item_code = pr.item_code
    where a.pr_no = p_pr_no
    group by a.line_no
  )
  select
    pr.line_no,
    pr.item_code,
    pr.unit,
    pr.qty_total,
    coalesce(ap.s, 0) as qty_planned_sum,
    coalesce(aq.s, 0) as qty_quoted_sum,
    coalesce(apo.s, 0) as qty_po_sum,
    (pr.qty_total - coalesce(ap.s, 0)) as gap
  from public.pr_rows pr
  left join alloc_plan ap  on ap.line_no = pr.line_no
  left join alloc_quoted aq on aq.line_no = pr.line_no
  left join alloc_po apo   on apo.line_no = pr.line_no
  where pr.pr_no = p_pr_no
  order by pr.line_no;
$$;

grant execute on function public.pr_allocation_summary(text) to authenticated;

-- =============================================================================
-- Trigger: auto-update PR.status ke 'allocated' saat allocation pertama masuk
-- =============================================================================
create or replace function public.pr_touch_status()
returns trigger language plpgsql as $$
begin
  if pg_trigger_depth() > 1 then return null; end if;
  update public.purchase_requisitions
    set status = 'allocated'
    where no = new.pr_no
      and status = 'draft';
  return null;
end; $$;

drop trigger if exists trg_pr_alloc_touch on public.pr_allocations;
drop trigger if exists trg_pr_alloc_touch on public.pr_allocations;
create trigger trg_pr_alloc_touch after insert on public.pr_allocations
  for each row execute function public.pr_touch_status();


-- >>> 0017_weekly_price_list.sql ============================================
-- =============================================================================
-- 0017 · Weekly Price List (benchmarking multi-supplier per komoditas)
-- -----------------------------------------------------------------------------
-- Port dari Weekly_Price_List_Template.xlsx:
--   - 1 period (April–Juni 2026) berisi 12 minggu
--   - 6 kategori komoditas (BERAS, SAYURAN, BUAH, PROTEIN_HEWANI,
--     PROTEIN_NABATI, BUMBU_KERING) × banyak supplier × 12 minggu
--   - Dual price: per-item (mis. Rp/ekor, Rp/butir) + per-kg (setelah konversi)
--   - Tujuan: Kepala SPPG & Ahli Gizi bisa bandingin harga minggu-ke-minggu
--     antar supplier untuk negosiasi PO & update items.price_idr
--
-- Idempoten: semua drop/create pakai `if exists` / `if not exists`.
-- =============================================================================

-- -----------------------------------------------------------------------------
-- 1. ENUM kategori komoditas (subset item_category, eksplisit untuk UI grid)
-- -----------------------------------------------------------------------------
do $$
begin
  if not exists (select 1 from pg_type where typname = 'price_commodity') then
    create type public.price_commodity as enum (
      'BERAS',
      'SAYURAN',
      'BUAH',
      'PROTEIN_HEWANI',
      'PROTEIN_NABATI',
      'BUMBU_KERING'
    );
  end if;
end$$;

-- -----------------------------------------------------------------------------
-- 2. TABLES
-- -----------------------------------------------------------------------------

-- Period: rentang penelusuran harga (mis. April–Juni 2026, Juli–Sep 2026, dst)
create table if not exists public.price_periods (
  id           smallserial primary key,
  name         text not null,                  -- "April–Juni 2026"
  start_date   date not null,
  end_date     date not null,
  active       boolean not null default true,
  notes        text,
  created_at   timestamptz not null default now(),
  updated_at   timestamptz not null default now(),
  constraint price_periods_range_chk check (end_date >= start_date)
);
create unique index if not exists ux_price_periods_name on public.price_periods(lower(name));

-- Weeks: pecahan 7-harian dalam satu period (template = 12 weeks)
create table if not exists public.price_weeks (
  id           bigserial primary key,
  period_id    smallint not null references public.price_periods(id) on delete cascade,
  week_no      smallint not null,              -- 1..12 (atau lebih)
  start_date   date not null,
  end_date     date not null,
  label        text not null,                  -- "Wk 1: 06-12 Apr"
  created_at   timestamptz not null default now(),
  constraint price_weeks_range_chk check (end_date >= start_date),
  constraint price_weeks_unique_no unique (period_id, week_no)
);
create index if not exists idx_price_weeks_period on public.price_weeks(period_id);

-- Supplier price observations per minggu
create table if not exists public.supplier_prices (
  id                bigserial primary key,
  week_id           bigint not null references public.price_weeks(id) on delete cascade,
  supplier_id       text not null references public.suppliers(id) on delete cascade,
  commodity         public.price_commodity not null,
  ingredient_name   text not null,             -- "Beras Premium", "Ayam Broiler", "Pisang Ambon"
  item_code         text references public.items(code) on delete set null, -- optional FK ke master
  price_per_item    numeric(14,2),             -- Rp/ekor, Rp/butir, Rp/ikat, dll
  price_per_kg      numeric(14,2),             -- Rp/kg (baseline untuk banding)
  unit              text,                      -- "kg", "butir", "ekor", "ikat"
  notes             text,
  created_by        uuid references auth.users(id),
  created_at        timestamptz not null default now(),
  updated_at        timestamptz not null default now(),
  constraint supplier_prices_has_price_chk
    check (price_per_item is not null or price_per_kg is not null),
  constraint supplier_prices_unique_observation
    unique (week_id, supplier_id, commodity, ingredient_name)
);
create index if not exists idx_supplier_prices_supplier on public.supplier_prices(supplier_id);
create index if not exists idx_supplier_prices_week     on public.supplier_prices(week_id);
create index if not exists idx_supplier_prices_commodity on public.supplier_prices(commodity);
create index if not exists idx_supplier_prices_item     on public.supplier_prices(item_code) where item_code is not null;

-- -----------------------------------------------------------------------------
-- 3. updated_at triggers (ikut pola yang dipakai 0001)
-- -----------------------------------------------------------------------------
create or replace function public.tg_touch_updated_at()
returns trigger language plpgsql as $$
begin
  new.updated_at := now();
  return new;
end; $$;

drop trigger if exists trg_price_periods_touch  on public.price_periods;
drop trigger if exists trg_price_periods_touch on public.price_periods;
create trigger trg_price_periods_touch before update on public.price_periods
  for each row execute function public.tg_touch_updated_at();

drop trigger if exists trg_supplier_prices_touch on public.supplier_prices;
drop trigger if exists trg_supplier_prices_touch on public.supplier_prices;
create trigger trg_supplier_prices_touch before update on public.supplier_prices
  for each row execute function public.tg_touch_updated_at();

-- -----------------------------------------------------------------------------
-- 4. VIEW: pivot harga per-kg ke kolom mingguan (mirror layout Excel)
-- -----------------------------------------------------------------------------
-- v_price_list_matrix: 1 row per (supplier × commodity × ingredient × period),
-- 12 kolom w1..w12 = price_per_kg minggu ke-n, plus avg_per_kg & latest_per_kg.
drop view if exists public.v_price_list_matrix;
create view public.v_price_list_matrix as
with base as (
  select
    sp.supplier_id,
    s.name            as supplier_name,
    sp.commodity,
    sp.ingredient_name,
    sp.item_code,
    pw.period_id,
    pp.name           as period_name,
    pw.week_no,
    sp.price_per_kg,
    sp.price_per_item,
    sp.unit,
    sp.notes
  from public.supplier_prices sp
  join public.price_weeks     pw on pw.id = sp.week_id
  join public.price_periods   pp on pp.id = pw.period_id
  join public.suppliers       s  on s.id  = sp.supplier_id
)
select
  supplier_id,
  supplier_name,
  commodity,
  ingredient_name,
  item_code,
  period_id,
  period_name,
  max(case when week_no = 1  then price_per_kg end) as w1,
  max(case when week_no = 2  then price_per_kg end) as w2,
  max(case when week_no = 3  then price_per_kg end) as w3,
  max(case when week_no = 4  then price_per_kg end) as w4,
  max(case when week_no = 5  then price_per_kg end) as w5,
  max(case when week_no = 6  then price_per_kg end) as w6,
  max(case when week_no = 7  then price_per_kg end) as w7,
  max(case when week_no = 8  then price_per_kg end) as w8,
  max(case when week_no = 9  then price_per_kg end) as w9,
  max(case when week_no = 10 then price_per_kg end) as w10,
  max(case when week_no = 11 then price_per_kg end) as w11,
  max(case when week_no = 12 then price_per_kg end) as w12,
  round(avg(price_per_kg)::numeric, 2)              as avg_per_kg,
  max(price_per_kg) filter (where week_no is not null) as max_per_kg,
  min(price_per_kg) filter (where week_no is not null) as min_per_kg
from base
group by
  supplier_id, supplier_name, commodity, ingredient_name,
  item_code, period_id, period_name;

comment on view public.v_price_list_matrix is
  'Pivot Weekly Price List: 12 kolom mingguan (Rp/kg) per supplier × commodity × ingredient';

-- -----------------------------------------------------------------------------
-- 5. RLS
-- -----------------------------------------------------------------------------
alter table public.price_periods    enable row level security;
alter table public.price_weeks      enable row level security;
alter table public.supplier_prices  enable row level security;

-- READ: semua authenticated (operator, ahli_gizi, admin, viewer, supplier)
drop policy if exists "price_periods: auth read"   on public.price_periods;
drop policy if exists "price_periods: auth read" on public.price_periods;
create policy "price_periods: auth read" on public.price_periods
  for select using (auth.uid() is not null);

drop policy if exists "price_weeks: auth read"     on public.price_weeks;
drop policy if exists "price_weeks: auth read" on public.price_weeks;
create policy "price_weeks: auth read" on public.price_weeks
  for select using (auth.uid() is not null);

drop policy if exists "supplier_prices: auth read" on public.supplier_prices;
drop policy if exists "supplier_prices: auth read" on public.supplier_prices;
create policy "supplier_prices: auth read" on public.supplier_prices
  for select using (auth.uid() is not null);

-- WRITE periods & weeks: admin + ahli_gizi
drop policy if exists "price_periods: admin/gz write" on public.price_periods;
drop policy if exists "price_periods: admin/gz write" on public.price_periods;
create policy "price_periods: admin/gz write" on public.price_periods
  for all using (public.current_role() in ('admin','ahli_gizi'))
  with check (public.current_role() in ('admin','ahli_gizi'));

drop policy if exists "price_weeks: admin/gz write" on public.price_weeks;
drop policy if exists "price_weeks: admin/gz write" on public.price_weeks;
create policy "price_weeks: admin/gz write" on public.price_weeks
  for all using (public.current_role() in ('admin','ahli_gizi'))
  with check (public.current_role() in ('admin','ahli_gizi'));

-- WRITE observations: admin/operator/ahli_gizi full; supplier hanya baris sendiri
drop policy if exists "supplier_prices: ops write" on public.supplier_prices;
drop policy if exists "supplier_prices: ops write" on public.supplier_prices;
create policy "supplier_prices: ops write" on public.supplier_prices
  for all using (public.current_role() in ('admin','operator','ahli_gizi'))
  with check (public.current_role() in ('admin','operator','ahli_gizi'));

drop policy if exists "supplier_prices: supplier self write" on public.supplier_prices;
drop policy if exists "supplier_prices: supplier self write" on public.supplier_prices;
create policy "supplier_prices: supplier self write" on public.supplier_prices
  for all using (
    public.current_role() = 'supplier'
    and supplier_id = public.current_supplier_id()
  ) with check (
    public.current_role() = 'supplier'
    and supplier_id = public.current_supplier_id()
  );

-- Grant view ke authenticated
grant select on public.v_price_list_matrix to authenticated;

-- -----------------------------------------------------------------------------
-- 6. SEED: Period "April–Juni 2026" + 12 minggu auto-generated
--    Base Monday = 2026-04-06 → Week 12 = 2026-06-22..2026-06-28
-- -----------------------------------------------------------------------------
insert into public.price_periods (name, start_date, end_date, active, notes)
values (
  'April–Juni 2026',
  date '2026-04-06',
  date '2026-06-28',
  true,
  'Seed awal Weekly Price List (port dari Weekly_Price_List_Template.xlsx)'
)
on conflict (lower(name)) do nothing;

do $$
declare
  v_period_id smallint;
  v_week_start date;
  v_month_label text;
  i int;
begin
  select id into v_period_id
  from public.price_periods
  where lower(name) = lower('April–Juni 2026');

  if v_period_id is null then
    return;
  end if;

  for i in 1..12 loop
    v_week_start := date '2026-04-06' + ((i - 1) * 7);
    v_month_label := to_char(v_week_start, 'FMDD Mon') || '–' ||
                     to_char(v_week_start + 6, 'FMDD Mon');
    insert into public.price_weeks (period_id, week_no, start_date, end_date, label)
    values (
      v_period_id,
      i,
      v_week_start,
      v_week_start + 6,
      'Wk ' || i || ': ' || v_month_label
    )
    on conflict (period_id, week_no) do nothing;
  end loop;
end$$;

-- -----------------------------------------------------------------------------
-- 7. Notifikasi: log ke public.events (kalau ada) biar dashboard tahu
-- -----------------------------------------------------------------------------
-- (opsional, skip kalau events table belum ada di migrasi lain)

-- =============================================================================
-- END 0017
-- =============================================================================


-- >>> 0018_strip_buah_prefix.sql ============================================
-- =============================================================================
-- 0018 · Strip "Buah - " prefix dari items.code (+ cascade ke semua FK children)
-- -----------------------------------------------------------------------------
-- Background: seed awal pakai code 'Buah - Pisang', 'Buah - Pepaya', dll untuk
-- grouping visual. Display sekarang minta code bersih ('Pisang', 'Pepaya', ...).
-- Migrasi ini rename items.code + propagate ke semua tabel anak via dynamic
-- drop/update/re-add FK (karena FK existing tidak pakai ON UPDATE CASCADE).
--
-- Idempoten: aman re-run — kalau tidak ada lagi row yang match 'Buah - %',
-- loop update jadi no-op.
-- =============================================================================

do $$
declare
  fk record;
  v_delete_rule text;
  v_update_rule text;
begin
  -- Kalau tidak ada lagi items dengan prefix 'Buah - ', skip (idempotency).
  if not exists (select 1 from public.items where code like 'Buah - %') then
    return;
  end if;

  -- Loop semua FK constraint yang reference public.items(code), drop dulu,
  -- update kolom anak, lalu re-add dengan aturan delete/update yang sama.
  for fk in
    select
      tc.table_schema,
      tc.table_name,
      tc.constraint_name,
      kcu.column_name,
      rc.delete_rule,
      rc.update_rule
    from information_schema.table_constraints tc
    join information_schema.key_column_usage kcu
      on kcu.constraint_name = tc.constraint_name
     and kcu.table_schema    = tc.table_schema
    join information_schema.referential_constraints rc
      on rc.constraint_name   = tc.constraint_name
     and rc.constraint_schema = tc.constraint_schema
    join information_schema.constraint_column_usage ccu
      on ccu.constraint_name   = rc.unique_constraint_name
     and ccu.constraint_schema = rc.unique_constraint_schema
    where tc.constraint_type = 'FOREIGN KEY'
      and ccu.table_schema   = 'public'
      and ccu.table_name     = 'items'
      and ccu.column_name    = 'code'
  loop
    v_delete_rule := case fk.delete_rule
      when 'CASCADE'     then 'cascade'
      when 'SET NULL'    then 'set null'
      when 'SET DEFAULT' then 'set default'
      when 'RESTRICT'    then 'restrict'
      else 'no action'
    end;
    v_update_rule := case fk.update_rule
      when 'CASCADE'     then 'cascade'
      when 'SET NULL'    then 'set null'
      when 'SET DEFAULT' then 'set default'
      when 'RESTRICT'    then 'restrict'
      else 'no action'
    end;

    execute format(
      'alter table %I.%I drop constraint %I',
      fk.table_schema, fk.table_name, fk.constraint_name
    );

    execute format(
      'update %I.%I set %I = regexp_replace(%I, ''^Buah - '', '''') where %I like ''Buah - %%''',
      fk.table_schema, fk.table_name, fk.column_name, fk.column_name, fk.column_name
    );

    execute format(
      'alter table %I.%I add constraint %I foreign key (%I) references public.items(code) on delete %s on update %s',
      fk.table_schema, fk.table_name, fk.constraint_name, fk.column_name,
      v_delete_rule, v_update_rule
    );
  end loop;

  -- Terakhir, rename di parent (items.code itu sendiri).
  update public.items
     set code = regexp_replace(code, '^Buah - ', '')
   where code like 'Buah - %';
end$$;

-- Bonus cleanup: kolom deskripsi bebas yang menyebut 'Buah - X' secara literal.
update public.suppliers
   set commodity = regexp_replace(commodity, 'Buah - ', '', 'g')
 where commodity like '%Buah - %';


-- >>> 0018_supplier_forecast.sql ============================================
-- =============================================================================
-- 0018 · Supplier 90-day Forecast (limited-access portal)
-- -----------------------------------------------------------------------------
-- Kebutuhan: supplier boleh lihat forecast kebutuhan per komoditas sampai 3
-- bulan ke depan, tapi HANYA untuk item yang dia jual (supplier_items),
-- dan tanpa bocor harga/supplier lain.
--
-- Sumber data tanggal:
--   1. custom_menus(menu_date)    → flatten (source='custom')
--   2. menu_assign(assign_date)   → BOM menu (source='assigned')
--   3. fallback → cycle rotation dari settings.go_live_date + active_cycle_days
--      (source='cycle')
--
-- Weekend & non_op_days → skip.
-- =============================================================================

-- Projected requirement untuk tanggal apapun (pakai cycle fallback)
create or replace function public.requirement_for_date_projected(p_date date)
returns table(
  item_code text,
  qty numeric,
  unit text,
  category public.item_category,
  source text  -- 'assigned' | 'cycle' | 'custom'
)
language plpgsql stable as $$
declare
  v_menu smallint;
  v_source text := 'assigned';
  v_tier record;
  v_cycle_days int;
  v_go_live date;
  v_cycle_day int;
  v_offset int;
begin
  -- Weekend skip
  if extract(dow from p_date) in (0,6) then return; end if;
  -- Non-op skip
  if exists (select 1 from public.non_op_days where op_date = p_date) then return; end if;

  -- Custom menu (flat 100g/porsi per item)
  if exists (select 1 from public.custom_menus where menu_date = p_date) then
    declare v_eff numeric := public.porsi_effective(p_date);
    begin
      if v_eff <= 0 then return; end if;
      return query
        select
          it.code as item_code,
          (100.0 * v_eff / 1000.0)::numeric as qty,
          it.unit,
          it.category,
          'custom'::text as source
        from public.custom_menus cm,
             jsonb_array_elements_text(cm.karbo || cm.protein || cm.sayur || cm.buah) as elem(val)
             join public.items it on it.code = elem.val
        where cm.menu_date = p_date;
      return;
    end;
  end if;

  -- Assigned?
  select menu_id into v_menu from public.menu_assign where assign_date = p_date;

  if v_menu is null then
    -- Cycle fallback
    select nullif(trim(both '"' from value::text), '')::int
      into v_cycle_days
      from public.settings where key = 'active_cycle_days';
    select nullif(trim(both '"' from value::text), '')::date
      into v_go_live
      from public.settings where key = 'go_live_date';

    v_cycle_days := coalesce(v_cycle_days, 14);
    v_go_live    := coalesce(v_go_live, date '2026-05-04');

    v_offset := (p_date - v_go_live)::int;
    -- Python-style positive modulo untuk handle date < go_live
    v_cycle_day := ((v_offset % v_cycle_days) + v_cycle_days) % v_cycle_days + 1;

    select id into v_menu
      from public.menus
      where cycle_day = v_cycle_day and active = true
      order by id
      limit 1;

    if v_menu is null then return; end if;
    v_source := 'cycle';
  end if;

  -- Porsi tiered
  select paud, sd13, sd46, smp_plus, operasional
    into v_tier from public.porsi_counts_tiered(p_date);
  if not coalesce(v_tier.operasional, false) then return; end if;

  return query
    select
      b.item_code,
      (
        case
          when (coalesce(b.grams_paud,0) + coalesce(b.grams_sd13,0)
              + coalesce(b.grams_sd46,0) + coalesce(b.grams_smp,0)) > 0 then
            (coalesce(b.grams_paud,0) * v_tier.paud
           + coalesce(b.grams_sd13,0) * v_tier.sd13
           + coalesce(b.grams_sd46,0) * v_tier.sd46
           + coalesce(b.grams_smp,0)  * v_tier.smp_plus) / 1000.0
          else
            b.grams_per_porsi * public.porsi_effective(p_date) / 1000.0
        end
      )::numeric as qty,
      it.unit,
      it.category,
      v_source as source
    from public.menu_bom b
    join public.items it on it.code = b.item_code
    where b.menu_id = v_menu;
end; $$;

grant execute on function public.requirement_for_date_projected(date) to authenticated;

-- =============================================================================
-- RPC · supplier_forecast_90d
-- Return daily forecast per item yang ada di supplier_items(supplier_id).
-- Supplier-role: force ke own supplier_id. Staff: bebas (atau fallback ke
-- parameter supplier_id).
-- =============================================================================
create or replace function public.supplier_forecast_90d(
  p_supplier_id text default null,
  p_horizon_days int default 90
)
returns table(
  op_date date,
  item_code text,
  item_name text,
  unit text,
  category public.item_category,
  qty numeric,
  source text
)
language plpgsql stable
security definer
set search_path = public, auth
as $$
declare
  v_sup text;
  v_role public.user_role;
  v_horizon int;
begin
  v_role := public.current_role();
  v_horizon := greatest(1, least(coalesce(p_horizon_days, 90), 180));

  if v_role = 'supplier' then
    v_sup := public.current_supplier_id();
    if v_sup is null then raise exception 'supplier profile incomplete'; end if;
  elsif v_role in ('admin','operator','ahli_gizi','viewer') then
    v_sup := coalesce(p_supplier_id, public.current_supplier_id());
    if v_sup is null then
      raise exception 'supplier_id required';
    end if;
  else
    raise exception 'forbidden';
  end if;

  return query
    select
      (d::date) as op_date,
      r.item_code,
      coalesce(it.name_en, r.item_code) as item_name,
      r.unit,
      r.category,
      round(r.qty, 3) as qty,
      r.source
    from generate_series(
      current_date, current_date + (v_horizon - 1), interval '1 day'
    ) as d
    cross join lateral public.requirement_for_date_projected(d::date) r
    join public.items it on it.code = r.item_code
    where exists (
      select 1 from public.supplier_items si
      where si.supplier_id = v_sup and si.item_code = r.item_code
    )
      and r.qty > 0
    order by d, r.item_code;
end; $$;

grant execute on function public.supplier_forecast_90d(text, int) to authenticated;

-- =============================================================================
-- RPC · supplier_forecast_monthly (agregasi 3 bulan per item)
-- Return: bulan × item → total_qty, dipakai di tab "Monthly"
-- =============================================================================
create or replace function public.supplier_forecast_monthly(
  p_supplier_id text default null,
  p_months int default 3
)
returns table(
  month date,
  item_code text,
  item_name text,
  unit text,
  category public.item_category,
  qty_total numeric,
  days_count int
)
language plpgsql stable
security definer
set search_path = public, auth
as $$
declare
  v_sup text;
  v_role public.user_role;
  v_months int;
  v_horizon int;
begin
  v_role := public.current_role();
  v_months := greatest(1, least(coalesce(p_months, 3), 6));
  v_horizon := v_months * 31;

  if v_role = 'supplier' then
    v_sup := public.current_supplier_id();
    if v_sup is null then raise exception 'supplier profile incomplete'; end if;
  elsif v_role in ('admin','operator','ahli_gizi','viewer') then
    v_sup := coalesce(p_supplier_id, public.current_supplier_id());
    if v_sup is null then raise exception 'supplier_id required'; end if;
  else
    raise exception 'forbidden';
  end if;

  return query
    select
      date_trunc('month', d::date)::date as month,
      r.item_code,
      coalesce(it.name_en, r.item_code) as item_name,
      r.unit,
      r.category,
      round(sum(r.qty), 3) as qty_total,
      count(*)::int as days_count
    from generate_series(
      current_date, current_date + (v_horizon - 1), interval '1 day'
    ) as d
    cross join lateral public.requirement_for_date_projected(d::date) r
    join public.items it on it.code = r.item_code
    where exists (
      select 1 from public.supplier_items si
      where si.supplier_id = v_sup and si.item_code = r.item_code
    )
      and r.qty > 0
      and (date_trunc('month', d::date) < date_trunc('month', current_date)
           + (v_months || ' months')::interval)
    group by date_trunc('month', d::date), r.item_code, it.name_en, r.unit, r.category
    order by date_trunc('month', d::date), r.item_code;
end; $$;

grant execute on function public.supplier_forecast_monthly(text, int) to authenticated;


-- >>> 0019_rls_align_calendar_writers.sql ===================================
-- =============================================================================
-- 0019 · Align RLS write policies with calendar UI role matrix
-- -----------------------------------------------------------------------------
-- Problem: app/calendar/page.tsx menganggap ahli_gizi boleh menulis ke tabel
-- planning (`non_op_days`, `school_attendance` via CalendarGrid), tapi RLS
-- policy hanya allow admin/operator. Hasilnya tombol "Tandai Non-Op" /
-- upsert kehadiran siswa terlihat di UI lalu ditolak DB:
--   "new row violates row-level security policy for table non_op_days"
--
-- Fix: rewrite write policy untuk 2 tabel supaya include ahli_gizi.
-- Read policy tidak berubah. Idempoten (drop-create). Tidak mengubah semantik
-- tabel operasional lain (stock, PO, GRN, invoice, receipt, tx) — mereka
-- tetap admin/operator only karena bukan ranah ahli_gizi.
-- =============================================================================

-- -----------------------------------------------------------------------------
-- non_op_days · shared planning surface (kalender menu)
-- -----------------------------------------------------------------------------
drop policy if exists "nonop: op/admin write" on public.non_op_days;
drop policy if exists "nonop: op/gz/admin write" on public.non_op_days;
drop policy if exists "nonop: op/gz/admin write" on public.non_op_days;
create policy "nonop: op/gz/admin write" on public.non_op_days
  for all using (public.current_role() in ('admin','operator','ahli_gizi'))
  with check (public.current_role() in ('admin','operator','ahli_gizi'));

-- -----------------------------------------------------------------------------
-- school_attendance · diisi dari calendar-grid (forecast harian)
-- -----------------------------------------------------------------------------
drop policy if exists "sch_att: operator write" on public.school_attendance;
drop policy if exists "sch_att: op/gz/admin write" on public.school_attendance;
drop policy if exists "sch_att: op/gz/admin write" on public.school_attendance;
create policy "sch_att: op/gz/admin write" on public.school_attendance
  for all using (public.current_role() in ('admin','operator','ahli_gizi'))
  with check (public.current_role() in ('admin','operator','ahli_gizi'));

-- =============================================================================
-- END 0019
-- =============================================================================


commit;


-- =============================================================================
-- 0018 · Price List RPC helpers
-- =============================================================================
begin;

-- =============================================================================
-- 0018 · Weekly Price List · RPC helpers (upsert + bulk import)
-- -----------------------------------------------------------------------------
-- 1) upsert_supplier_price   : satu sel edit dari grid Next.js
-- 2) import_price_list_json  : bulk import dari HTML dashboard localStorage
--                              (format: STATE.priceList dump)
-- 3) set_items_price_from_latest : sync items.price_idr dari minggu terbaru
--
-- Semua RPC pakai role user (bukan SECURITY DEFINER) → RLS policies 0017
-- yang menentukan siapa boleh write.
-- =============================================================================

-- -----------------------------------------------------------------------------
-- 1. upsert_supplier_price
-- -----------------------------------------------------------------------------
create or replace function public.upsert_supplier_price(
  p_week_id         bigint,
  p_supplier_id     text,
  p_commodity       public.price_commodity,
  p_ingredient_name text,
  p_price_per_kg    numeric(14,2) default null,
  p_price_per_item  numeric(14,2) default null,
  p_unit            text default 'kg',
  p_item_code       text default null,
  p_notes           text default null
)
returns public.supplier_prices
language plpgsql
as $$
declare
  v_row public.supplier_prices;
begin
  -- Guard: minimal satu harga harus ada
  if p_price_per_kg is null and p_price_per_item is null then
    -- null semua → interpret sebagai "clear cell" (delete)
    delete from public.supplier_prices
     where week_id = p_week_id
       and supplier_id = p_supplier_id
       and commodity = p_commodity
       and ingredient_name = p_ingredient_name
    returning * into v_row;
    return v_row;
  end if;

  insert into public.supplier_prices (
    week_id, supplier_id, commodity, ingredient_name,
    item_code, price_per_kg, price_per_item, unit, notes, created_by
  )
  values (
    p_week_id, p_supplier_id, p_commodity, p_ingredient_name,
    p_item_code, p_price_per_kg, p_price_per_item, coalesce(p_unit,'kg'),
    p_notes, auth.uid()
  )
  on conflict (week_id, supplier_id, commodity, ingredient_name)
  do update set
    price_per_kg   = excluded.price_per_kg,
    price_per_item = excluded.price_per_item,
    unit           = excluded.unit,
    item_code      = coalesce(excluded.item_code, supplier_prices.item_code),
    notes          = coalesce(excluded.notes, supplier_prices.notes),
    updated_at     = now()
  returning * into v_row;

  return v_row;
end;
$$;

grant execute on function public.upsert_supplier_price(
  bigint, text, public.price_commodity, text,
  numeric, numeric, text, text, text
) to authenticated;

-- -----------------------------------------------------------------------------
-- 2. import_price_list_json
-- -----------------------------------------------------------------------------
-- Input shape (matches STATE.priceList di HTML dashboard):
-- [
--   {
--     "commodity":"BERAS", "ingredient":"Beras Premium",
--     "supplier":"UD Karya Sukses", "unit":"kg",
--     "pricePerItem": null,
--     "weekly":[12000,12100,12200,null,null,null,null,null,null,null,null,null],
--     "notes":""
--   }, ...
-- ]
-- Plus p_period_id target. Supplier name akan di-resolve ke suppliers.id via
-- lower(name) match; kalau nggak ketemu → skip row dan laporkan di summary.
-- -----------------------------------------------------------------------------
create or replace function public.import_price_list_json(
  p_period_id smallint,
  p_payload   jsonb
)
returns table (
  rows_processed int,
  cells_upserted int,
  suppliers_missing text[]
)
language plpgsql
as $$
declare
  v_row jsonb;
  v_week_row record;
  v_weeks bigint[];
  v_supplier_id text;
  v_price numeric;
  v_missing text[] := array[]::text[];
  v_rows_cnt int := 0;
  v_cells_cnt int := 0;
  v_weekly jsonb;
  v_commodity public.price_commodity;
  i int;
begin
  -- Pre-fetch week ids urutan week_no
  select array_agg(id order by week_no) into v_weeks
  from public.price_weeks
  where period_id = p_period_id;

  if v_weeks is null or array_length(v_weeks,1) is null then
    raise exception 'Period % belum punya week rows', p_period_id;
  end if;

  for v_row in select * from jsonb_array_elements(p_payload)
  loop
    v_rows_cnt := v_rows_cnt + 1;

    -- Resolve supplier by name (case-insensitive)
    select id into v_supplier_id
    from public.suppliers
    where lower(name) = lower(v_row->>'supplier')
    limit 1;

    if v_supplier_id is null then
      v_missing := array_append(v_missing, v_row->>'supplier');
      continue;
    end if;

    -- Cast commodity
    begin
      v_commodity := (v_row->>'commodity')::public.price_commodity;
    exception when others then
      continue; -- skip invalid commodity
    end;

    v_weekly := v_row->'weekly';

    for i in 0..least(jsonb_array_length(v_weekly)-1, array_length(v_weeks,1)-1)
    loop
      if jsonb_typeof(v_weekly->i) = 'number' then
        v_price := (v_weekly->>i)::numeric;
        perform public.upsert_supplier_price(
          v_weeks[i+1],
          v_supplier_id,
          v_commodity,
          coalesce(v_row->>'ingredient',''),
          v_price,
          case when (v_row->>'pricePerItem') ~ '^[0-9.]+$'
               then (v_row->>'pricePerItem')::numeric else null end,
          coalesce(v_row->>'unit','kg'),
          null,
          nullif(v_row->>'notes','')
        );
        v_cells_cnt := v_cells_cnt + 1;
      end if;
    end loop;
  end loop;

  return query select v_rows_cnt, v_cells_cnt,
    (select array_agg(distinct m) from unnest(v_missing) m);
end;
$$;

grant execute on function public.import_price_list_json(smallint, jsonb) to authenticated;

-- -----------------------------------------------------------------------------
-- 3. items_price_from_latest
-- -----------------------------------------------------------------------------
-- Untuk setiap (commodity, ingredient_name) ambil median harga per-kg dari
-- minggu terbaru yang sudah ter-isi; pakai sebagai reference. Kembalikan tabel
-- supaya UI bisa preview dulu sebelum update master items.
-- -----------------------------------------------------------------------------
create or replace function public.price_list_latest_benchmark(p_period_id smallint)
returns table (
  commodity       public.price_commodity,
  ingredient_name text,
  latest_week_no  smallint,
  supplier_cnt    int,
  median_per_kg   numeric,
  min_per_kg      numeric,
  max_per_kg      numeric
)
language sql stable as $$
  with latest as (
    select sp.commodity, sp.ingredient_name, pw.week_no, sp.price_per_kg
    from public.supplier_prices sp
    join public.price_weeks pw on pw.id = sp.week_id
    where pw.period_id = p_period_id and sp.price_per_kg is not null
  ),
  per_group_latest as (
    select commodity, ingredient_name, max(week_no) as latest_week_no
    from latest
    group by commodity, ingredient_name
  )
  select l.commodity,
         l.ingredient_name,
         p.latest_week_no,
         count(*)::int                                                  as supplier_cnt,
         round(percentile_cont(0.5) within group (order by l.price_per_kg)::numeric, 2) as median_per_kg,
         min(l.price_per_kg)                                            as min_per_kg,
         max(l.price_per_kg)                                            as max_per_kg
  from latest l
  join per_group_latest p
    on p.commodity = l.commodity
   and p.ingredient_name = l.ingredient_name
   and p.latest_week_no = l.week_no
  group by l.commodity, l.ingredient_name, p.latest_week_no;
$$;

grant execute on function public.price_list_latest_benchmark(smallint) to authenticated;

-- =============================================================================
-- END 0018
-- =============================================================================

commit;


-- =============================================================================
-- 0019 · Storage buckets
-- =============================================================================
begin;

-- =============================================================================
-- 0019 · Storage Buckets · receipts + supplier_docs + avatars
-- -----------------------------------------------------------------------------
-- Bucket policies pakai storage.foldername(name) → path-prefix untuk per-supplier
-- isolation. Naming convention:
--   receipts/{yyyy-mm}/{tx_id}.{ext}        → nota pembelian/invoice (operator)
--   supplier_docs/{supplier_id}/{kind}.{ext} → cert, NIB, LTA (admin + supplier)
--   avatars/{user_id}.{ext}                  → profile pic (self)
--
-- RLS di storage.objects: Supabase sudah aktifkan by default. Kita cuma add
-- policies spesifik per bucket. Bucket dibuat via INSERT ke storage.buckets.
-- Idempotent: ON CONFLICT DO NOTHING.
-- =============================================================================

-- -----------------------------------------------------------------------------
-- 1. Buckets (private — tidak public browsable; akses via signed URL / policy)
-- -----------------------------------------------------------------------------
insert into storage.buckets (id, name, public, file_size_limit, allowed_mime_types)
values
  ('receipts',      'receipts',      false, 10485760, array['image/jpeg','image/png','image/webp','application/pdf']),
  ('supplier_docs', 'supplier_docs', false, 20971520, array['image/jpeg','image/png','application/pdf']),
  ('avatars',       'avatars',       true,   2097152, array['image/jpeg','image/png','image/webp'])
on conflict (id) do nothing;

-- -----------------------------------------------------------------------------
-- 2. Policies · RECEIPTS (operator write, semua auth read)
-- -----------------------------------------------------------------------------
drop policy if exists "receipts: auth read"   on storage.objects;
create policy "receipts: auth read" on storage.objects
  for select using (
    bucket_id = 'receipts'
    and auth.uid() is not null
  );

drop policy if exists "receipts: ops write"  on storage.objects;
create policy "receipts: ops write" on storage.objects
  for insert with check (
    bucket_id = 'receipts'
    and public.current_role() in ('admin','operator')
  );

drop policy if exists "receipts: ops update" on storage.objects;
create policy "receipts: ops update" on storage.objects
  for update using (
    bucket_id = 'receipts'
    and public.current_role() in ('admin','operator')
  );

drop policy if exists "receipts: admin delete" on storage.objects;
create policy "receipts: admin delete" on storage.objects
  for delete using (
    bucket_id = 'receipts'
    and public.is_admin()
  );

-- -----------------------------------------------------------------------------
-- 3. Policies · SUPPLIER_DOCS
--    Path: supplier_docs/{supplier_id}/{kind}.{ext}
--    - admin/operator: CRUD semua
--    - supplier role: CRUD hanya folder supplier_id mereka sendiri
--    - auth lain: read-only
-- -----------------------------------------------------------------------------
drop policy if exists "supplier_docs: auth read" on storage.objects;
create policy "supplier_docs: auth read" on storage.objects
  for select using (
    bucket_id = 'supplier_docs'
    and auth.uid() is not null
  );

drop policy if exists "supplier_docs: admin write" on storage.objects;
create policy "supplier_docs: admin write" on storage.objects
  for all using (
    bucket_id = 'supplier_docs'
    and public.current_role() in ('admin','operator')
  ) with check (
    bucket_id = 'supplier_docs'
    and public.current_role() in ('admin','operator')
  );

drop policy if exists "supplier_docs: supplier own write" on storage.objects;
create policy "supplier_docs: supplier own write" on storage.objects
  for all using (
    bucket_id = 'supplier_docs'
    and public.current_role() = 'supplier'
    and (storage.foldername(name))[1] = public.current_supplier_id()
  ) with check (
    bucket_id = 'supplier_docs'
    and public.current_role() = 'supplier'
    and (storage.foldername(name))[1] = public.current_supplier_id()
  );

-- -----------------------------------------------------------------------------
-- 4. Policies · AVATARS (public bucket, but write is self-only)
-- -----------------------------------------------------------------------------
drop policy if exists "avatars: public read" on storage.objects;
create policy "avatars: public read" on storage.objects
  for select using (bucket_id = 'avatars');

drop policy if exists "avatars: self write" on storage.objects;
create policy "avatars: self write" on storage.objects
  for all using (
    bucket_id = 'avatars'
    and (storage.foldername(name))[1] = auth.uid()::text
  ) with check (
    bucket_id = 'avatars'
    and (storage.foldername(name))[1] = auth.uid()::text
  );

-- =============================================================================
-- END 0019
-- =============================================================================

commit;
